<?xml version="1.0" encoding="UTF-8"?>
<!DOCTYPE mapper PUBLIC "-//mybatis.org//DTD Mapper 3.0//EN" "http://mybatis.org/dtd/mybatis-3-mapper.dtd">
<mapper namespace="com.foxconn.mapper.BaseMapper">
<!-- <cache></cache> -->
<resultMap id='BaseResultMap' type='com.foxconn.entity.Tabledata'>
    <id column="FORM_CODE" jdbcType='VARCHAR' property='formCode'/>
    <result column="FORM_NAME" jdbcType='VARCHAR' property='formName'/>
    <result column='APPLICANT' jdbcType='VARCHAR' property='applicant'/>
    <result column="APPLICANT_DEPART" jdbcType="VARCHAR" property="applicantDepart" />
    <result column="CREATE_TIME" jdbcType="TIMESTAMP" property="createTime" />
    <result column="MONEY_TYPE" jdbcType="VARCHAR" property="moneyType" />
    <result column="TOTAL_MONEY" jdbcType="DECIMAL" property="totalMoney" />
    <result column="STATUS" jdbcType="VARCHAR" property="status" />
    <result column="TABLE_TYPE" jdbcType="VARCHAR" property="tableType" />
    <result column="REMARK1" jdbcType="VARCHAR" property="remark1" />
    <result column="REMARK2" jdbcType="VARCHAR" property="remark2" />
</resultMap>
<resultMap extends="BaseResultMap" id='ResultMapWithBLOBs' type='com.foxconn.entity.Tabledata'>
    <result column='TABTEXT' jdbcType='LONGVARBINARY' property='tabtext' javaType='String'/>    
</resultMap>
    <!-- List<GroupNumber> selectData(Integer start,Integer length,String order,String orderField,String search) -->
    <select id='listData' resultType='java.util.LinkedHashMap'>
        select * from (
	        select rownum rowno,t.* from (
		        select 
		        <choose>
		          <when test='obj.assignField != null'>
		              <if test='obj.distinct == true'>
	                      DISTINCT
	                  </if>
		              <foreach item = 'item' collection='obj.assignField' index='index' separator=','>
		                  "${item}"
		              </foreach>
		          </when>
		          <otherwise>
		              *
		          </otherwise>
		        </choose>
		        from ${obj.tableName}
		        <where>
                  <choose>
                    <when test='obj.searchMap.size() != 0'>
                      <choose>
                        <when test="obj.searchType.indexOf('AND') != -1 ">
                            1=1
                        </when>
                        <otherwise>
                            1=2
                        </otherwise>  
                      </choose>
                      <foreach item = 'item' collection='obj.searchMap' index='index'><!-- formeCode -->
                          ${obj.searchType} (
                          <choose>
                            <when test='item.size() == 0'>
                             "${index}" = ''
                            </when>
                            <otherwise>
	                            <foreach item = 'listValue' collection='item' index='listIndex' separator=' OR '>
	                                <!-- 判斷是否模糊查詢 -->
	                                <choose>
	                                    <when test="obj.fuzzyQuery">
		                                    <choose>
	                                           <when test='index == "CREATE_TIME"'>
	                                               "${index}" LIKE '%'||TO_DATE(#{listValue},'yyyy-mm-dd')||'%'
	                                           </when>
	                                           <otherwise>
	                                               "${index}" LIKE '%'||#{listValue}||'%'
	                                           </otherwise>
	                                        </choose>
	                                    </when>
	                                    <otherwise>
	                                        "${index}" = #{listValue}
	                                    </otherwise>
	                                </choose>
	                            </foreach>
                            </otherwise>
                          </choose>
                          )
                      </foreach>
                    </when>
                    <otherwise>
                      <choose>
	                      <when test='obj.mySearch != null and obj.search != null'>
	                          <foreach item='item' collection='obj.colums' index='index' separator=' or '>
	                             "${item}" like '%'||#{obj.mySearch}||'%'
	                          </foreach>
	                      </when>
	                      <otherwise>
	                          <if test='obj.mySearch != null'>
	                              <foreach item='item' collection='obj.colums' index='index' separator=' or '>
	                                 "${item}" like '%'||#{obj.mySearch}||'%'
	                              </foreach>
	                          </if>
	                          <if test='obj.search != null'>
	                              <foreach item='item' collection='obj.colums' index='index' separator=' or '>
	                                 "${item}" like '%'||#{obj.search}||'%'
	                              </foreach>
	                          </if>
	                      </otherwise>
	                  </choose>
                    </otherwise>
                  </choose>
		        </where>
		        order by "${obj.orderField}" ${obj.order}
		    ) t
		) 
		<where>
		  <if test='obj.start != null'>
    		  rowno between ${obj.start}+1 and ${obj.length}+${obj.start}
		  </if>
		</where>
    </select>
    <!-- int selectAllCount(@Param("search")String search) -->
    <select id='selectAllCount' resultType='java.lang.Integer'>
        select count(*) from ${tableName}
    </select>
    <select id="selectAllCountAddCondition" resultType='java.lang.Integer'>
        select count(*) from ${obj.tableName} 
        <where>
            <if test='obj.searchMap != null'>
                <foreach item = 'item' collection='obj.searchMap' index='index'>
                    ${obj.searchType}(
                        <foreach item = 'listValue' collection='item' index='listIndex' separator=' OR '>
                            <!-- 判斷是否模糊查詢 -->
                            <choose>
                                <when test="obj.fuzzyQuery">
                                    <choose>
                                       <when test='index == "CREATE_TIME"'>
                                           "${index}" LIKE '%'||TO_DATE(#{listValue},'yyyy-mm-dd')||'%'
                                       </when>
                                       <otherwise>
                                           "${index}" LIKE '%'||#{listValue}||'%'
                                       </otherwise>
                                    </choose>
                                </when>
                                <otherwise>
                                    "${index}" = #{listValue}
                                </otherwise>
                            </choose>
                        </foreach>
                    )
                </foreach>
            </if>
        </where>
    </select>
    <!-- int selectHaveConditionCount(ParamTransfer param) -->
    <select id='selectHaveConditionCount' resultType='java.lang.Integer'>
         select count(*) from ${obj.tableName}
         <where>
               <choose>
                <when test='obj.searchMap.size() != 0'>
                      1=1
                      <foreach item = 'item' collection='obj.searchMap' index='index'>
                          ${obj.searchType} (
                            <foreach item = 'listValue' collection='item' index='listIndex' separator=' OR '>
                                <!-- 判斷是否模糊查詢 -->
                                <choose>
                                    <when test="obj.fuzzyQuery">
                                        "${index}" LIKE '%'||#{listValue}||'%'
                                    </when>
                                    <otherwise>
                                        "${index}" = #{listValue}
                                    </otherwise>
                                </choose>
                            </foreach>
                          )
                      </foreach>
                </when>
	            <otherwise>
		            <choose>
		                <when test='obj.mySearch != null and obj.search != null'>
		                    <foreach item='item' collection='obj.colums' index='index' separator=' or '>
		                       "${item}" like '%'||#{obj.mySearch}||'%'
		                    </foreach>
		                </when>
		                <otherwise>
		                    <if test='obj.mySearch != null'>
		                        <foreach item='item' collection='obj.colums' index='index' separator=' or '>
		                           "${item}" like '%'||#{obj.mySearch}||'%'
		                        </foreach>
		                    </if>
		                    <if test='obj.search != null'>
		                        <foreach item='item' collection='obj.colums' index='index' separator=' or '>
		                           "${item}" like '%'||#{obj.search}||'%'
		                        </foreach>
		                    </if>
		                </otherwise>
		            </choose>
	            </otherwise>
            </choose>
          </where>
    </select>
    <!-- int updateItem(GroupNumber param) -->
    <update id='updateItem'>
        update ${tableName}
        <set>
	        <foreach item='item' collection = 'map' index = 'index' separator=','>
                <if test='item != null'>
                    "${index}" = #{item}
                </if>
	        </foreach>
        </set>
        where "UID" = #{uid}
    </update>
    <!-- int deleteItem(@Param("uid")String param) -->
    <delete id='deleteItem'>
        delete from ${tableName}
        where  
            <choose>
                <when test="deleteField!=null">
                    "${deleteField}"
                </when>
                <otherwise>
                    "UID"
                </otherwise>
            </choose>
        in 
        <foreach item="item" collection="ids" open='(' close=')' separator=','>
            #{item}
        </foreach>
    </delete>
    <!-- int insertItem(GroupNumber param) -->
    <insert id='insertItem'>
        insert into ${tableName} 
            (
                <foreach item='oldItem' collection='columnName' index='index' separator=','>
                    "${oldItem}"
                </foreach>
            )
        <foreach item ='item' collection='params' index='index' separator = ' union all '>
	        select
	        <foreach item='field' collection='fieldList' index='index' separator=','>
	             #{item.${field}}
	        </foreach>
	         from dual
        </foreach>
    </insert>
    <!-- 查询当月数据是否存在 -->
    <select id="selectMonthExists" resultType="java.lang.Integer">
        SELECT COUNT(*) FROM ${tableName} WHERE DATA_TIME = #{dateTime}
    </select>
    <!-- 清空表 -->
    <delete id="deleteAll">
        DELETE ${tableName} 
        <if test="dateTime != null">
            WHERE DATA_TIME = #{dateTime}
        </if>
    </delete>
    <!-- 獲取字段 -->
    <select id='getAllField' resultType="java.util.HashMap">
        SELECT TABLE_NAME,COLUMN_NAME FROM USER_TAB_COLUMNS
        WHERE data_type='NUMBER'
    </select>
</mapper>