<?xml version="1.0" encoding="UTF-8"?>
<!DOCTYPE mapper PUBLIC "-//mybatis.org//DTD Mapper 3.0//EN" "http://mybatis.org/dtd/mybatis-3-mapper.dtd">
<mapper namespace="com.foxconn.mapper.PermissionEntityMapper">
  <resultMap id="BaseResultMap" type="com.foxconn.entity.Permission">
    <id column="PER_id" jdbcType="VARCHAR" property="perId" />
    <result column="PER_name" jdbcType="VARCHAR" property="perName" />
    <result column="PER_url" jdbcType="VARCHAR" property="perUrl" />
    <result column="PER_description" jdbcType="VARCHAR" property="perDescription" />
  </resultMap>
  <sql id="Base_Column_List">
    PER_id, PER_name, PER_url, PER_description
  </sql>
  <select id="selectByPrimaryKey" parameterType="java.lang.String" resultMap="BaseResultMap">
    select 
    <include refid="Base_Column_List" />
    from T_PERMISSION 
    where PER_id = #{perId,jdbcType=VARCHAR}
  </select>
  <select id="listAllPermission" resultMap="BaseResultMap">
    select 
    <include refid="Base_Column_List" />
    from T_PERMISSION order by createtime
  </select>
  
  <select id="getPermissionByPerName" resultMap="BaseResultMap">
    select 
    <include refid="Base_Column_List" />
    from T_PERMISSION where PER_name = #{perName}
  </select>
  
  <delete id="deleteByPrimaryKeys" parameterType="java.lang.String">
    delete from T_PERMISSION where PER_id in (
     <foreach item="item" collection="perId" index = "index" separator="," >
     #{item}
     </foreach>
    ) 
  </delete>
  <insert id="insert" parameterType="com.foxconn.entity.Permission">
    insert into T_PERMISSION (PER_name, PER_url, 
      PER_description)
    values (#{perName,jdbcType=VARCHAR}, #{perUrl,jdbcType=VARCHAR}, 
      #{perDescription,jdbcType=VARCHAR})
  </insert>
  <insert id="insertSelective" parameterType="com.foxconn.entity.Permission">
    insert into T_PERMISSION
    <trim prefix="(" suffix=")" suffixOverrides=",">
      <if test="perId != null">
        PER_id,
      </if>
      <if test="perName != null">
        PER_name,
      </if>
      <if test="perUrl != null">
        PER_url,
      </if>
      <if test="perDescription != null">
        PER_description,
      </if>
    </trim>
    <trim prefix="values (" suffix=")" suffixOverrides=",">
      <if test="perId != null">
        #{perId,jdbcType=VARCHAR},
      </if>
      <if test="perName != null">
        #{perName,jdbcType=VARCHAR},
      </if>
      <if test="perUrl != null">
        #{perUrl,jdbcType=VARCHAR},
      </if>
      <if test="perDescription != null">
        #{perDescription,jdbcType=VARCHAR},
      </if>
    </trim>
  </insert>
  <update id="updateByPrimaryKeySelective" parameterType="com.foxconn.entity.Permission">
    update T_PERMISSION
    <set>
      <if test="perName != null">
        PER_name = #{perName,jdbcType=VARCHAR},
      </if>
      <if test="perUrl != null">
        PER_url = #{perUrl,jdbcType=VARCHAR},
      </if>
      <if test="perDescription != null">
        PER_description = #{perDescription,jdbcType=VARCHAR},
      </if>
    </set>
    where PER_id = #{perId,jdbcType=VARCHAR}
  </update>
  <update id="updateByPrimaryKey" parameterType="com.foxconn.entity.Permission">
    update T_PERMISSION 
    set PER_name = #{perName,jdbcType=VARCHAR},
      PER_url = #{perUrl,jdbcType=VARCHAR},
      PER_description = #{perDescription,jdbcType=VARCHAR}
    where PER_id = #{perId,jdbcType=VARCHAR}
  </update>
</mapper>