<?xml version="1.0" encoding="UTF-8"?>
<!DOCTYPE mapper PUBLIC "-//mybatis.org//DTD Mapper 3.0//EN" "http://mybatis.org/dtd/mybatis-3-mapper.dtd">
<mapper namespace="com.foxconn.mapper.RoleEntityMapper">
  <resultMap id="BaseResultMap" type="com.foxconn.entity.Role">
    <id column="role_id" jdbcType="VARCHAR" property="roleId" />
    <result column="role_name" jdbcType="VARCHAR" property="roleName" />
    <result column="DESCRIPTION" jdbcType="VARCHAR" property="description" />
    <collection property="permissionList" ofType="com.foxconn.entity.Permission">
    		<id property="perId" column="per_id" />
    		<result property="perName" column="per_name"/>
   			<result property="perDescription" column="per_description"/>
   			<result property="perUrl" column="per_url"/>
    </collection>
    <collection property="userList" ofType="com.foxconn.entity.User">
            <id column="USER_ID" jdbcType="VARCHAR" property="userId" />
		    <result column="CARD_NUM" jdbcType="VARCHAR" property="cardNum" />
		    <result column="USER_NAME" jdbcType="VARCHAR" property="userName" />
		    <result column="PWD" jdbcType="VARCHAR" property="pwd" />
		    <result column="PHONE" jdbcType="VARCHAR" property="phone" />
		    <result column="EMAIL" jdbcType="VARCHAR" property="email" />
		    <result column="USER_STATUS" jdbcType="DECIMAL" property="userStatus" />
		    <result column="HEAD_IMG" jdbcType="VARCHAR" property="headImg" />    
		    <result column="LAST_LOGINTIME" jdbcType="VARCHAR" property="lastLogintime" />
    </collection>
  </resultMap>
  <sql id="Base_Column_List">
    role_id, role_name, description 
  </sql>
  <select id="selectByPrimaryKey" parameterType="java.lang.String" resultMap="BaseResultMap">
    select 
    <include refid="Base_Column_List" />
    from T_ROLE
    where role_id = #{roleId,jdbcType=VARCHAR}
  </select>
  <select id="listAllRole" resultMap="BaseResultMap">
    select 
    <include refid="Base_Column_List" />
    from T_ROLE order by createtime
  </select>
  <!-- List<RoleEntity> findAllRolePermission(); -->
  <select id='findAllRolePermission' resultMap="BaseResultMap">
  	select tr.role_id,tr.role_name,tr.description,tp.per_id,tp.per_url,tp.per_name from t_role tr
    left join t_role_permission rp on tr.role_id = rp.role_id
    left join t_permission tp on tp.per_id = rp.per_id
    order by tr.createtime
  </select>
  <!-- List<RoleEntity> findAllRoleUserPermission(); -->
  <select id='findAllRoleUserPermission' resultMap="BaseResultMap">
    select r.role_id,r.role_name,r.description,u.user_number,p.per_name   
    from t_role r LEFT join t_user_role ur on r.role_id=ur.role_id 
                  LEFT JOIN t_user u on ur.user_id=u.user_id 
                  LEFT join t_role_permission rp on r.role_id=rp.role_id 
                  left join t_permission p on rp.per_id=p.per_id 
    order by r.createtime
  </select>
  
   <select id='findOneRoleUserPermission' resultMap="BaseResultMap">
   select r.role_id,r.role_name,r.description,p.per_name,p.per_id from t_role r 
   LEFT JOIN t_role_permission rp on r.role_id=rp.role_id 
   LEFT JOIN t_permission p on rp.per_id=p.per_id 
   where r.role_id=#{roleId,jdbcType=VARCHAR}
  </select>
  
  <delete id="deleteByPrimaryKey" parameterType="java.lang.String">
    delete from T_ROLE where role_id in (
     <foreach item="item" collection="roleids" index = "index" separator=",">
            #{item}
     </foreach>
     )
  </delete>
  
  <delete id="delListByIds">
        delete from T_ROLE_PERMISSION WHERE role_id = #{roleId,jdbcType=VARCHAR} and per_id IN 
        <foreach item="item" collection="delList" index = "index" 
        open="(" separator=',' close=")">
            #{item}
        </foreach>
  </delete>
  
  <insert id="insert" parameterType="com.foxconn.entity.Role">
    insert into T_ROLE (role_name,description)
    values (#{roleName},#{description})
  </insert>
  <insert id="insertSelective" parameterType="com.foxconn.entity.Role">
    insert into T_ROLE
    <trim prefix="(" suffix=")" suffixOverrides=",">
      <if test="roleId != null">
        role_id,
      </if>
      <if test="roleName != null">
        role_name,
      </if>
      <if test="description != null">
        description,
      </if>
    </trim>
    <trim prefix="values (" suffix=")" suffixOverrides=",">
      <if test="roleId != null">
        #{roleId,jdbcType=VARCHAR},
      </if>
      <if test="roleName != null">
        #{roleName,jdbcType=VARCHAR},
      </if>
      <if test="description != null">
        #{description,jdbcType=VARCHAR},
      </if>
    </trim>
  </insert>
  <update id="updateByPrimaryKeySelective" parameterType="com.foxconn.entity.Role">
    update T_ROLE
    <set>
      <if test="roleName != null">
        role_name = #{roleName,jdbcType=VARCHAR},
      </if>
       <if test="description != null">
        description = #{roleName,jdbcType=VARCHAR},
      </if>
    </set>
    where role_id = #{roleId,jdbcType=VARCHAR}
  </update>
 <!--  <update id="updateByPrimaryKey" parameterType="com.foxconn.entity.Role">
    update T_ROLE
    set role_name = #{roleName,jdbcType=VARCHAR}
    where role_id = #{roleId,jdbcType=VARCHAR}
  </update> -->
  <!-- String insertRoleGetId(RoleEntity obj); -->
  <insert id="insertRoleGetId" parameterType="com.foxconn.entity.Role">
  	<selectKey keyProperty='obj.roleId' resultType='string' order='AFTER'>
  		select role_id from t_role where role_name = #{obj.roleName} and description = #{obj.description} 
  	</selectKey>
  	insert into t_role (role_name,description) values(#{obj.roleName},#{obj.description})
  	
  </insert>
</mapper>