<?xml version="1.0" encoding="UTF-8"?>
<!DOCTYPE mapper PUBLIC "-//mybatis.org//DTD Mapper 3.0//EN" "http://mybatis.org/dtd/mybatis-3-mapper.dtd">
<mapper namespace="com.foxconn.mapper.UREntityMapper">
  <resultMap id="BaseResultMap" type="com.foxconn.entity.UREntity">
    <id column="ur_id" jdbcType="VARCHAR" property="urId" />
    <result column="user_id" jdbcType="VARCHAR" property="userId" />
    <result column="role_id" jdbcType="VARCHAR" property="roleId" />
  </resultMap>
  <sql id="Base_Column_List">
    ur_id, user_id, role_id
  </sql>
  <select id="selectByPrimaryKey" parameterType="java.lang.String" resultMap="BaseResultMap">
    select 
    <include refid="Base_Column_List" />
    from T_USER_ROLE
    where ur_id = #{urId,jdbcType=VARCHAR}
  </select>
  <select id="listByUserId" parameterType="java.lang.String" resultMap="BaseResultMap">
    select 
    <include refid="Base_Column_List" />
    from T_USER_ROLE
    where user_id = #{userId,jdbcType=VARCHAR}
  </select>
    <select id="listAll" resultMap="BaseResultMap">
    select 
    <include refid="Base_Column_List" />
    from T_USER_ROLE
  </select>
  <delete id="deleteByPrimaryKey" parameterType="java.lang.String">
    delete from T_USER_ROLE
    where ur_id = #{urId,jdbcType=VARCHAR}
  </delete>
  <delete id="delByUserId" parameterType="java.lang.String">
    delete from T_USER_ROLE
    where user_id = #{userId,jdbcType=VARCHAR}
  </delete>
  <insert id="insert" parameterType="com.foxconn.entity.UREntity">
    insert into T_USER_ROLE (user_id, role_id
      )
    values (#{userId,jdbcType=VARCHAR}, #{roleId,jdbcType=VARCHAR}
      )
  </insert>
  <insert id="insertSelective" parameterType="com.foxconn.entity.UREntity">
    insert into T_USER_ROLE
    <trim prefix="(" suffix=")" suffixOverrides=",">
      <if test="urId != null">
        ur_id,
      </if>
      <if test="userId != null">
        user_id,
      </if>
      <if test="roleId != null">
        role_id,
      </if>
    </trim>
    <trim prefix="values (" suffix=")" suffixOverrides=",">
      <if test="urId != null">
        #{urId,jdbcType=VARCHAR},
      </if>
      <if test="userId != null">
        #{userId,jdbcType=VARCHAR},
      </if>
      <if test="roleId != null">
        #{roleId,jdbcType=VARCHAR},
      </if>
    </trim>
  </insert>
  <update id="updateByPrimaryKeySelective" parameterType="com.foxconn.entity.UREntity">
    update T_USER_ROLE
    <set>
      <if test="userId != null">
        user_id = #{userId,jdbcType=VARCHAR},
      </if>
      <if test="roleId != null">
        role_id = #{roleId,jdbcType=VARCHAR},
      </if>
    </set>
    where ur_id = #{urId,jdbcType=VARCHAR}
  </update>
  <update id="updateByPrimaryKey" parameterType="com.foxconn.entity.UREntity">
    update T_USER_ROLE
    set user_id = #{userId,jdbcType=VARCHAR},
      role_id = #{roleId,jdbcType=VARCHAR}
    where ur_id = #{urId,jdbcType=VARCHAR}
  </update>
  <!-- int insertListByIds(); -->
  <insert id="insertListByIds">
  	insert into T_USER_ROLE (user_id,role_id)
  	<foreach item='item' index='index' collection='addList' separator = ' union all '>
  		select #{userId},#{item} from dual
  	</foreach>
  </insert>
  <!-- int delListByIds(); -->
  <delete id='delListByIds'>
  	delete from T_USER_ROLE where user_id = #{userId} and role_id in 
  	<foreach item='item' index='index' collection='delList' open='(' separator=',' close=')'>
  		#{item}
  	</foreach>
  </delete>
</mapper>