<?xml version="1.0" encoding="UTF-8"?>
<beans xmlns="http://www.springframework.org/schema/beans"
    xmlns:xsi="http://www.w3.org/2001/XMLSchema-instance"
    xmlns:context="http://www.springframework.org/schema/context"
    xmlns:jdbc="http://www.springframework.org/schema/jdbc"
    xmlns:jee="http://www.springframework.org/schema/jee"
    xmlns:tx="http://www.springframework.org/schema/tx"
    xmlns:aop="http://www.springframework.org/schema/aop"
    xmlns:mvc="http://www.springframework.org/schema/mvc"
    xmlns:util="http://www.springframework.org/schema/util"
    xmlns:jpa="http://www.springframework.org/schema/data/jpa"
    xmlns:cache="http://www.springframework.org/schema/cache"
    xsi:schemaLocation="
        http://www.springframework.org/schema/beans http://www.springframework.org/schema/beans/spring-beans-3.2.xsd
        http://www.springframework.org/schema/context http://www.springframework.org/schema/context/spring-context-3.2.xsd
        http://www.springframework.org/schema/jdbc http://www.springframework.org/schema/jdbc/spring-jdbc-3.2.xsd
        http://www.springframework.org/schema/jee http://www.springframework.org/schema/jee/spring-jee-3.2.xsd
        http://www.springframework.org/schema/tx http://www.springframework.org/schema/tx/spring-tx-3.2.xsd
        http://www.springframework.org/schema/data/jpa http://www.springframework.org/schema/data/jpa/spring-jpa-1.3.xsd
        http://www.springframework.org/schema/aop http://www.springframework.org/schema/aop/spring-aop-3.2.xsd
        http://www.springframework.org/schema/mvc http://www.springframework.org/schema/mvc/spring-mvc-3.2.xsd
        http://www.springframework.org/schema/util http://www.springframework.org/schema/util/spring-util-3.2.xsd
        http://www.springframework.org/schema/cache
        http://www.springframework.org/schema/cache/spring-cache-4.2.xsd">
        
        <!-- 引入redis配置文件 -->
        <import resource="classpath:redis-context.xml"/>
        		
        <context:component-scan base-package="com.foxconn"></context:component-scan>
        <mvc:annotation-driven></mvc:annotation-driven>

        <bean id="multipartResolver" class="org.springframework.web.multipart.commons.CommonsMultipartResolver">
		    <!-- 设置上传文件的最大尺寸为10M -->
		    <property name="maxUploadSize" value="10240000"/>
		    <property name="maxInMemorySize" value="40960"/>
		    <property name="defaultEncoding" value="UTF-8"/>
		    <property name="resolveLazily" value="true"/>
		</bean>
		
		<!-- 拦截器 -->
        <mvc:interceptors>
            <mvc:interceptor>
                <mvc:mapping path="/**"/>
                <bean class="com.foxconn.interceptor.RequestPatchPrint"></bean>
            </mvc:interceptor>
            <mvc:interceptor>
                <mvc:mapping path="/**"/>
                <mvc:exclude-mapping path="/**/login.do"/>
                <mvc:exclude-mapping path="/**/addUser.do"/>
                <mvc:exclude-mapping path="/**/verification.do"/>
                <mvc:exclude-mapping path="/**/getVisitorToken.do"/>
                <mvc:exclude-mapping path="/**/reSetPwd.do"/><!-- /user/reSetPwd.do 找回密码功能 -->
                <bean class="com.foxconn.interceptor.AccessControl"></bean>
            </mvc:interceptor>
        </mvc:interceptors>
</beans>