<?xml version="1.0" encoding="UTF-8"?>
<beans xmlns="http://www.springframework.org/schema/beans"
    xmlns:xsi="http://www.w3.org/2001/XMLSchema-instance"
    xmlns:context="http://www.springframework.org/schema/context"
    xmlns:jdbc="http://www.springframework.org/schema/jdbc"
    xmlns:jee="http://www.springframework.org/schema/jee"
    xmlns:tx="http://www.springframework.org/schema/tx"
    xmlns:aop="http://www.springframework.org/schema/aop"
    xmlns:mvc="http://www.springframework.org/schema/mvc"
    xmlns:util="http://www.springframework.org/schema/util"
    xmlns:jpa="http://www.springframework.org/schema/data/jpa"
    xmlns:cache="http://www.springframework.org/schema/cache"
    xmlns:redisson="http://redisson.org/schema/redisson"
    xsi:schemaLocation="
        http://www.springframework.org/schema/beans http://www.springframework.org/schema/beans/spring-beans-3.2.xsd
        http://www.springframework.org/schema/context http://www.springframework.org/schema/context/spring-context-3.2.xsd
        http://www.springframework.org/schema/jdbc http://www.springframework.org/schema/jdbc/spring-jdbc-3.2.xsd
        http://www.springframework.org/schema/jee http://www.springframework.org/schema/jee/spring-jee-3.2.xsd
        http://www.springframework.org/schema/tx http://www.springframework.org/schema/tx/spring-tx-3.2.xsd
        http://www.springframework.org/schema/data/jpa http://www.springframework.org/schema/data/jpa/spring-jpa-1.3.xsd
        http://www.springframework.org/schema/aop http://www.springframework.org/schema/aop/spring-aop-3.2.xsd
        http://www.springframework.org/schema/mvc http://www.springframework.org/schema/mvc/spring-mvc-3.2.xsd
        http://www.springframework.org/schema/util http://www.springframework.org/schema/util/spring-util-3.2.xsd
        http://www.springframework.org/schema/cache
        http://www.springframework.org/schema/cache/spring-cache-4.2.xsd
        http://redisson.org/schema/redisson
        http://redisson.org/schema/redisson/redisson.xsd">
    <!-- 扫描redis配置文件 -->
    <context:property-placeholder ignore-unresolvable="true" location="classpath:redis.properties"/>
    <!-- 连接池配置 -->
    <bean id="poolConfig" class="redis.clients.jedis.JedisPoolConfig">
        <property name="maxTotal" value="${redis.maxTotal}" />
        <property name="maxIdle" value="${redis.maxIdle}"/>
        <property name="maxWaitMillis" value="${redis.maxWaitMillis}" />
        <property name="testOnBorrow" value="${redis.testOnBorrow}" />
        <property name="testOnReturn" value="${redis.testOnReturn}" />
    </bean>
    <!-- redis 哨兵模式 -->
    <bean id="sentinelConfiguration" class="org.springframework.data.redis.connection.RedisSentinelConfiguration">
        <!-- master节点 -->
        <property name="master">
            <bean class="org.springframework.data.redis.connection.RedisNode">
                <!-- 对应哨兵配置文件中给master监听的name属性 -->
                <property name="name" value="masterServer"></property>
            </bean>
        </property>
        <!-- 哨兵节点 -->
        <property name="sentinels">
            <set>
               <bean class="org.springframework.data.redis.connection.RedisNode">
                   <constructor-arg name="host" value="${redis.sentinelHost}"></constructor-arg>  
                   <constructor-arg name="port" value="${redis.sentinelPort}"></constructor-arg>  
               </bean>
               <bean class="org.springframework.data.redis.connection.RedisNode">
                   <constructor-arg name="host" value="${redis.sentinelHost2}"></constructor-arg>  
                   <constructor-arg name="port" value="${redis.sentinelPort2}"></constructor-arg>  
               </bean>
               <bean class="org.springframework.data.redis.connection.RedisNode">
                   <constructor-arg name="host" value="${redis.sentinelHost3}"></constructor-arg>  
                   <constructor-arg name="port" value="${redis.sentinelPort3}"></constructor-arg>  
               </bean>
               <bean class="org.springframework.data.redis.connection.RedisNode">
                   <constructor-arg name="host" value="${redis.sentinelHost4}"></constructor-arg>  
                   <constructor-arg name="port" value="${redis.sentinelPort4}"></constructor-arg>  
               </bean>
            </set>
        </property>
    </bean>
    <!-- 设置连接属性 -->
    <bean id="connectionFactory" class="org.springframework.data.redis.connection.jedis.JedisConnectionFactory">
        <property name="password" value="${redis.password}"></property>
        <property name="timeout" value="${redis.timeout}"></property>
        <constructor-arg name="sentinelConfig" ref="sentinelConfiguration"></constructor-arg>  
        <constructor-arg name="poolConfig" ref="poolConfig"></constructor-arg>        
    </bean>
    <!-- 将session交给spring管理,并且保存到redis中,实现session共享 -->
    <bean class="org.springframework.session.data.redis.config.annotation.web.http.RedisHttpSessionConfiguration">
        <!-- 自定义策略,支持cookie和Header两种模式 -->
        <property name="httpSessionStrategy">
            <bean class="com.foxconn.config.HeaderAndCookieHttpSessionStrategy">
                <!-- 放入到Header中，Token的名字 -->
                <property name="tokenName" value="Token" />
            </bean>
        </property>
    </bean>
</beans>