<?xml version="1.0" encoding="UTF-8"?>
<!DOCTYPE mapper PUBLIC "-//mybatis.org//DTD Mapper 3.0//EN" "http://mybatis.org/dtd/mybatis-3-mapper.dtd">
<mapper namespace="com.foxconn.mapper.OperationEntityMapper">
  <resultMap id="BaseResultMap" type="com.foxconn.entity.OperationEntity">
    <id column="OUID" jdbcType="VARCHAR" property="ouid" />
    <result column="ADDRESS" jdbcType="VARCHAR" property="address" />
    <result column="DESCRIPTIONS" jdbcType="VARCHAR" property="descriptions" />
    <result column="CREATE_TIME" jdbcType="TIMESTAMP" property="createTime" />
  </resultMap>
  <sql id="Base_Column_List">
    OUID, ADDRESS, DESCRIPTIONS, CREATE_TIME
  </sql>
  
</mapper>