<?xml version="1.0" encoding="UTF-8"?>
<!DOCTYPE mapper PUBLIC "-//mybatis.org//DTD Mapper 3.0//EN" "http://mybatis.org/dtd/mybatis-3-mapper.dtd">
<mapper namespace="com.foxconn.mapper.RoleOperationMapper">
  <resultMap id="BaseResultMap" type="com.foxconn.entity.RoleOperation">
    <id column="ROID" jdbcType="VARCHAR" property="roid" />
    <result column="ROLE_ID" jdbcType="VARCHAR" property="roleId" />
    <result column="OPERATION_ID" jdbcType="VARCHAR" property="operationId" />
  </resultMap>
  <sql id="Base_Column_List">
    ROID, ROLE_ID, OPERATION_ID
  </sql>
  <delete id="delRoleOperationByRoleId" >
    delete from 
  </delete>
</mapper>