<?xml version="1.0" encoding="UTF-8"?>
<!DOCTYPE mapper PUBLIC "-//mybatis.org//DTD Mapper 3.0//EN" "http://mybatis.org/dtd/mybatis-3-mapper.dtd">
<mapper namespace="com.foxconn.mapper.RoleEntityMapper">
  <!-- 关联查询映射 -->
  <resultMap id="BaseResultMap" type="com.foxconn.entity.RoleEntity">
    <id column="RID" jdbcType="VARCHAR" property="rid" />
    <result column="R_NAME" jdbcType="VARCHAR" property="rName" />
    <result column="R_CREATE_TIME" jdbcType="TIMESTAMP" property="rCreateTime" />
    <result column="R_DESCRIPTIONS" jdbcType="VARCHAR" property="rDescriptions" />
    <collection property="operationList" ofType="com.foxconn.entity.OperationEntity">
        <result column="OUID" jdbcType="VARCHAR" property="ouid"></result>
        <result column="O_ADDRESS" jdbcType="VARCHAR" property="oAddress"></result>
        <result column="O_DESCRIPTIONS" jdbcType="VARCHAR" property="oDescriptions"></result>
        <result column="O_CREATE_TIME" jdbcType="TIMESTAMP" property="oCreateTime"></result>
    </collection>
  </resultMap>
  <!-- 查詢角色分頁id -->
  <select id="listRoleId" resultType="com.foxconn.entity.RoleEntity">
    select rid from t_role
    <if test="search != null and search !=''">
       where u.r_name like '%'||#{item}||'%'
    </if>
  </select>
  <!-- 查询所有角色 -->
  <select id="listRole" resultMap="BaseResultMap">
    select r.*,o.* from t_role r
	left join t_role_operation ro
	on r.rid = ro.role_id
	left join t_operation o
	on o.ouid = ro.operation_id
    where r.rid in 
    <foreach collection="roleIds" item="item" separator="," open="(" close=")">
        #{item.rid}
    </foreach>
  </select>
  <!-- 删除角色 -->
  <delete id="deleteRole">
    delete t_role
    where rid in 
    <foreach collection="list" item="item" open="(" close=")" separator=",">
        #{item}
    </foreach>
  </delete>
  <!-- 查询角色是否存在 -->
  <select id="existsRole" resultType="java.lang.Integer">
    select count(rid) from t_role
    where r_name = #{rName}
  </select>
  <!-- 查詢角色的id -->
  <select id="getRoleIdByName" resultType="java.lang.String">
    select rid from t_role
    where r_name = #{rName}
  </select>
  <!-- 添加角色 -->
  <insert id="addRole">
    insert into t_role (r_name,r_descriptions)
    values (#{rName},#{rDescriptions})
  </insert>
  <!-- 添加角色與操作中間表 -->
  <insert id="insertRoleOperation">
    insert into t_role_operation (role_id,operation_id)
    <foreach collection="list" item="item" separator=" union all ">
        select #{roleId},#{item} from dual
    </foreach>
  </insert>
  <!-- 删除角色和操作的中间表 -->
  <delete id="deleteRoleOperation">
    delete t_role_operation
    where role_id in 
    <foreach collection="list" item="item" open="(" close=")" separator=",">
        #{item}
    </foreach>
  </delete>
  <!-- 根据角色id,删除用户和角色的中间表 -->
  <delete id="deleteUserRole">
    delete t_user_role
    where rid in
    <foreach collection="list" item="item" open="(" close=")" separator=",">
        #{item}
    </foreach>
  </delete>
</mapper>