<?xml version="1.0" encoding="UTF-8"?>
<!DOCTYPE mapper PUBLIC "-//mybatis.org//DTD Mapper 3.0//EN" "http://mybatis.org/dtd/mybatis-3-mapper.dtd">
<mapper namespace="com.foxconn.mapper.UserEntityMapper">
  <!-- 关联查询映射 -->  
  <resultMap id="BaseResultMap" type="com.foxconn.entity.UserEntity">
    <id column="UUID" jdbcType="VARCHAR" property="uuid" />
    <result column="USER_NAME" jdbcType="VARCHAR" property="userName" />
    <result column="CARD_NUM" jdbcType="VARCHAR" property="cardNum" />
    <result column="PWD" jdbcType="VARCHAR" property="pwd" />
    <result column="TELEPHONE" jdbcType="VARCHAR" property="telephone" />
    <result column="EMAIL" jdbcType="VARCHAR" property="email" />
    <result column="FACTORY_AREA" jdbcType="VARCHAR" property="factoryArea" />
    <result column="IS_LOCK" jdbcType="NUMERIC" property="isLock"/>
    <result column="CONTRACTOR" jdbcType="VARCHAR" property="contractor"/>
    <association property="roles" javaType="com.foxconn.entity.RoleEntity">
        <id column="RID" jdbcType="VARCHAR" property="rid" />
        <result column="R_NAME" jdbcType="VARCHAR" property="rName" />
        <result column="R_CREATE_TIME" jdbcType="TIMESTAMP" property="rCreateTime" />
        <result column="R_DESCRIPTIONS" jdbcType="VARCHAR" property="rDescriptions" />
        <collection property="operationList" ofType="com.foxconn.entity.OperationEntity">      
            <id column="OUID" jdbcType="VARCHAR" property="ouid" />
		    <result column="O_ADDRESS" jdbcType="VARCHAR" property="oAddress" />
		    <result column="O_DESCRIPTIONS" jdbcType="VARCHAR" property="oDescriptions" />
		    <result column="O_CREATE_TIME" jdbcType="TIMESTAMP" property="oCreateTime" />
        </collection>
    </association>
  </resultMap>
  <!-- 根據搜索條件查詢用戶信息 -->
  <select id="listAllUser" parameterType="java.lang.String" resultMap="BaseResultMap">
    select u.*,r.* from t_user u 
    left join t_user_role ur on u.uuid = ur.uuid
    left join t_role r on ur.rid = r.rid
    where 1=1
    <if test="item != null and item !=''">
      and (u.USER_NAME like '%' || #{item} || '%' or u.CARD_NUM like '%' || #{item} || '%')
    </if>
	  order by u.FACTORY_AREA , u.CARD_NUM
  </select>
  <!-- 根據工號查詢用戶 -->
  <select id="getUserEntityByCardNum" parameterType="java.lang.String" resultMap="BaseResultMap">
    select u.*,r.*,o.* from t_user u 
    left join t_user_role ur 
    on u.uuid = ur.uuid
    left join t_role r 
    on ur.rid = r.rid
    left join t_role_operation ro 
    on r.rid = ro.role_id
    left join t_operation o 
    on ro.operation_id = o.ouid
    where u.card_num = #{cardNum}
  </select>
  <!-- 根據用戶id刪除 用戶與角色中間表 -->
  <delete id="deleteUserRoleById">
    delete t_user_role 
    where uuid in 
    <foreach collection="list" item="item" separator="," open="(" close=")">
        #{item}
    </foreach>
  </delete>
  <!-- 根據用戶id刪除 用戶表 -->
  <delete id="deleteUserById">
    delete t_user
    where uuid in 
    <foreach collection="list" item="item" separator="," open="(" close=")">
        #{item}
    </foreach>
  </delete>
  <!-- 根據用戶id插入用戶與角色中間表 -->
  <insert id="insertUserRoleById">
    insert into t_user_role (uuid,rid)
    values (#{userId},#{roleId})
  </insert>
</mapper>