<?xml version="1.0" encoding="UTF-8"?>
<!DOCTYPE mapper PUBLIC "-//mybatis.org//DTD Mapper 3.0//EN" "http://mybatis.org/dtd/mybatis-3-mapper.dtd">
<mapper namespace="com.foxconn.mapper.UserRoleMapper">
  <resultMap id="BaseResultMap" type="com.foxconn.entity.UserRole">
    <id column="URID" jdbcType="VARCHAR" property="urid" />
    <result column="UUID" jdbcType="VARCHAR" property="uuid" />
    <result column="RID" jdbcType="VARCHAR" property="rid" />
  </resultMap>
  <sql id="Base_Column_List">
    URID, UUID, RID
  </sql>
  <delete id="delUserRoleByUserId">
  delete from t_user_role where uuid = #{uid}
  </delete>
</mapper>