<?xml version="1.0" encoding="UTF-8"?>
<!DOCTYPE mapper PUBLIC "-//mybatis.org//DTD Mapper 3.0//EN" "http://mybatis.org/dtd/mybatis-3-mapper.dtd">
<mapper namespace="com.foxconn.mapper.DealerMapper">
 
   <select id = "selectDealer" resultType="java.lang.Integer">
        select count(id_card) from t_dealer where caterer_name = #{contractor}  and (write_time &gt; to_date(#{strDate},'YYYY/MM/DD') )
   </select>
   
   <select id = "applicationHistory" resultType="java.util.HashMap">
        select  CATERER_NAME ||'-'||DEALER_NAME  "name",id_card "idCard" ,to_char (application_Time,'yyyy/mm/dd') "time" ,status "status" from t_dealer where caterer_name = #{catererName}
        order by "time"
   </select>
   
     <select id = "selectPagination" resultType="java.util.HashMap">
        select DISTINCT s.id_Card,s.SERIAL_NUM,s.CATERER_NAME,to_char (s.application_Time,'yyyy/mm/dd')"TIME",s.APPLICANTS,s.STATUS from t_dealer  s left join t_onesignature o on s.id_card = o.form_CODE
        WHERE (O.UUID = #{uuid} or o.proxy_id = #{uuid}) AND  (s.STATUS = '签核中' or s.STATUS = '已驳回') and o.myself_sign = 'Y' and o.sigstatus = 'N' and o.order_number != 1 order by SERIAL_NUM,CATERER_NAME
  </select>
  
  <select id = "getArchiveQuery" resultType="java.util.HashMap">
        select DISTINCT s.id_Card,s.SERIAL_NUM,s.CATERER_NAME,to_char (s.application_Time,'yyyy/mm/dd')"TIME",s.APPLICANTS,s.STATUS from t_dealer s left join t_onesignature o on s.id_card = o.form_CODE
        WHERE 
        <if test='!uuid.equals("administrator")'> (O.UUID = #{uuid} or o.proxy_id = #{uuid}) </if>
        <if test='uuid.equals("administrator")'> 1 = 1</if>
         order by SERIAL_NUM,CATERER_NAME
  </select>
  
  <select id = "ListDealer" resultType="java.lang.String">
        select DISTINCT DEALER_NAME from t_dealer where DEALER_NAME like '%'||#{name} ||'%'
  </select>
  
  <select id="ListDealerName" resultType="java.lang.String">
        SELECT DISTINCT DEALER_NAME FROM T_DEALER WHERE CATERER_NAME = #{contractor} AND STATUS = '已结案'
  </select>
  
   <select id="ListCountProblemGroup" resultType="java.util.HashMap">
      SELECT COUNT(CHECKTOTAL_ID) "NUM",P.TYPE_BIG_NAME ,P.GRADE FROM T_CHECKTOTAL T JOIN T_CHECKPROBLEM P ON T.CHECKTOTAL_ID = P.CHECK_MTOTAL_ID
      WHERE T.OVEREND NOT IN ('已作废','结果录入','已驳回')     
      AND TO_DATE(T.CHECKTIME,'YYYY/MM/DD HH24:MI') BETWEEN TO_DATE(#{firstDay},'YYYY/MM/DD')  AND TO_DATE(#{lastDay},'YYYY/MM/DD')
      GROUP BY P.TYPE_BIG_NAME,P.GRADE
  </select>
  
  <select id="CountCaterer" resultType="java.util.HashMap">
      SELECT * FROM (
      SELECT SUM(P.AFTER_SCORE) "value",T.MEAL_SELLER "name" FROM T_CHECKTOTAL T JOIN T_CHECKPROBLEM P ON T.CHECKTOTAL_ID = P.CHECK_MTOTAL_ID
      WHERE T.OVEREND NOT IN ('已作废','结果录入','已驳回')
      AND TO_DATE(T.CHECKTIME,'YYYY/MM/DD HH24:MI') BETWEEN TO_DATE(#{firstDay},'YYYY/MM/DD')  AND TO_DATE(#{lastDay},'YYYY/MM/DD') 
      GROUP BY T.MEAL_SELLER ORDER BY "value" DESC ) WHERE ROWNUM &lt;=5 
  </select>
  
  <select id="CountRestaurant" resultType="java.util.HashMap">
      SELECT * FROM (
      SELECT SUM(AFTER_SCORE) "value" ,"name" FROM ( SELECT P.AFTER_SCORE, T.RESTAURANT_LOCATION||' '|| T.MEAL_SELLER "name" FROM T_CHECKTOTAL T JOIN T_CHECKPROBLEM P ON T.CHECKTOTAL_ID = P.CHECK_MTOTAL_ID
      WHERE T.OVEREND NOT IN ('已作废','结果录入','已驳回') 
      AND TO_DATE(T.CHECKTIME,'YYYY/MM/DD HH24:MI') BETWEEN TO_DATE(#{firstDay},'YYYY/MM/DD')  AND TO_DATE(#{lastDay},'YYYY/MM/DD')  
      ) 
      GROUP BY "name" ORDER BY  "value" DESC ) WHERE ROWNUM &lt;=5
  </select>
  
</mapper>