<?xml version="1.0" encoding="UTF-8"?>
<!DOCTYPE mapper PUBLIC "-//mybatis.org//DTD Mapper 3.0//EN" "http://mybatis.org/dtd/mybatis-3-mapper.dtd">
<mapper namespace="com.foxconn.mapper.FoodQualifictionMapper">
   <sql id="Base_Column_List">
      ID_CARD,APPLICATION_TIME,CATERER_NAME,SERIAL_NUM,DEALER,MANUFACTURER,BRAND,PRODUCT_NAME,SUBCATEGORY,
      SPECIFICATIONS,GRADE,LICENSE_DATE,PRODUCT_INSPECTION,REMARK,STATUS,WRITE_TIME,LARGE_CATEGORIES,APPLICANTS
  </sql>
 
  <select id = "applicationHistory" resultType="java.util.HashMap">
        select  CATERER_NAME ||'-'||DEALER  "name",id_card "idCard" ,to_char (application_Time,'yyyy/mm/dd') "time" ,status "status"
        ,BRAND,PRODUCT_NAME
        from t_food_qualification where caterer_name = #{catererName}
        order by "time"
  </select>
  
  <select id = "selectStallChangeNum" resultType="java.lang.Integer">
       select count(id_card) from t_food_qualification where caterer_name = #{contractor}  and (write_time &gt; to_date(#{strDate},'YYYY/MM/DD') )
  </select>
  
  <select id = "selectPagination" resultType="java.util.HashMap">
        select DISTINCT s.id_Card,s.SERIAL_NUM,s.CATERER_NAME,to_char (s.application_Time,'yyyy/mm/dd')"TIME",s.APPLICANTS,s.STATUS from t_food_qualification s left join t_onesignature o on s.id_card = o.form_CODE
        WHERE (O.UUID = #{uuid} or o.proxy_id = #{uuid}) AND  (s.STATUS = '签核中' or s.STATUS = '已驳回') and o.myself_sign = 'Y' and o.sigstatus = 'N' and o.order_number != 1 order by SERIAL_NUM,CATERER_NAME
  </select>
  
  <select id = "selectPaginationByShare" resultType="java.util.HashMap">
        select   O.ORDER_NUMBER, s.id_Card,s.SERIAL_NUM,s.CATERER_NAME,to_char (s.application_Time,'yyyy/mm/dd')"TIME",s.APPLICANTS,s.STATUS from t_food_qualification s left join t_onesignature o on s.id_card = o.form_CODE
        WHERE (O.UUID = #{uuid} or o.proxy_id = #{uuid}) AND  (s.STATUS = '签核中' or s.STATUS = '已驳回') AND S.IS_SHARE = 'Y'  and o.myself_sign = 'Y' and o.sigstatus = 'N' and o.order_number != 1 order by SERIAL_NUM,CATERER_NAME
  </select>
  
  <select id = "getArchiveQuery" resultType="java.util.HashMap">
        select DISTINCT s.id_Card,s.SERIAL_NUM,s.CATERER_NAME,to_char (s.application_Time,'yyyy/mm/dd')"TIME",s.APPLICANTS,s.STATUS from t_food_qualification s left join t_onesignature o on s.id_card = o.form_CODE
        WHERE 
        <if test='!uuid.equals("administrator")'> (O.UUID = #{uuid} or o.proxy_id = #{uuid}) </if>
        <if test='uuid.equals("administrator")'> 1 = 1</if>
         order by SERIAL_NUM,CATERER_NAME
  </select>
  <select id="ListProductName" resultType="java.lang.String">
        select DISTINCT PRODUCT_NAME from t_food_qualification where PRODUCT_NAME like '%'|| #{name}||'%'
  </select>
  <select id="ListBrand" resultType="java.lang.String">
        select DISTINCT Brand from t_food_qualification where Brand like '%'|| #{name}||'%'
  </select>
  <select id = "selectByInfo" resultType="com.foxconn.entity.FoodQualifiction">
        SELECT 
        <include refid="Base_Column_List"/>
        FROM T_FOOD_QUALIFICATION WHERE ( 1 = 1 )
        <if test='catererName != null and catererName != ""'>AND CATERER_NAME = #{catererName} </if>
        <if test='largeCategories !=  null and largeCategories != "" '>AND LARGE_CATEGORIES = #{largeCategories} </if>
        <if test='startDate != null and startDate != ""'>AND CATERER_NAME = #{catererName} </if>
        <if test='endDate != null and endDate != ""'>AND CATERER_NAME = #{catererName} </if>
  </select>
  
  
  <select id = "ListSharedFoodQualifiction" resultType="java.util.HashMap">
        SELECT CATERER_NAME ||'-'||DEALER  "name",id_card "idCard" ,TO_CHAR (application_Time,'yyyy/mm/dd') "time" ,status "status" 
        ,BRAND,PRODUCT_NAME
        FROM T_FOOD_QUALIFICATION
        WHERE 
        <if test='listDealerName.size()!=0'>
            DEALER IN
            <foreach collection="listDealerName" item="dealerName" separator="," open="(" close=")">
             #{dealerName, jdbcType=VARCHAR}
            </foreach>
            AND STATUS = '已结案' AND CATERER_NAME !=#{contractor}
        </if>
        <if test='listDealerName.size()==0'>
           1=2
        </if>
  </select>
</mapper>