<?xml version="1.0" encoding="UTF-8"?>
<!DOCTYPE mapper PUBLIC "-//mybatis.org//DTD Mapper 3.0//EN" "http://mybatis.org/dtd/mybatis-3-mapper.dtd">
<mapper namespace="com.foxconn.mapper.FoodsMapper">
 
  <select id = "findAll" resultType="com.foxconn.entity.Foods">
       SELECT  ID_CARD ,LARGE_CATEGORIES ,SUBCATEGORY,WRITE_TIME FROM T_FOODS
  </select>
  
  <delete id = "deleteFoods"  >
       DELETE FROM T_FOODS WHERE ID_CARD IN 
       <foreach collection="tList" item="id" separator="," open="(" close=")">
             #{id, jdbcType=VARCHAR}
       </foreach>
  </delete>
  
  <select id = "getLargeCategories" resultType="java.lang.String">
        SELECT DISTINCT LARGE_CATEGORIES FROM T_FOODS
  </select>
  
  <select id="getSubcategory" resultType="java.util.HashMap">
        SELECT DISTINCT SUBCATEGORY,ID_CARD FROM T_FOODS WHERE LARGE_CATEGORIES = #{largeCategories}
  </select>
</mapper>