<?xml version="1.0" encoding="UTF-8"?>
<!DOCTYPE mapper PUBLIC "-//mybatis.org//DTD Mapper 3.0//EN" "http://mybatis.org/dtd/mybatis-3-mapper.dtd">
<mapper namespace="com.foxconn.mapper.StallChangeMapper">
  
  <select id = "selectStallChangeNum" resultType="java.lang.Integer">
       select count(id_card) from t_stall_change where caterer_name = #{contractor}  and (write_time &gt; to_date(#{strDate},'YYYY/MM/DD') )
  </select>
  
  <select id = "applicationHistory" resultType="java.util.HashMap">
        select restaurant_location ||' '||slogan "name",id_card "idCard" , APPLICATION_TYPE "applicationType",STATUS "status",to_char (application_Time,'yyyy/mm/dd') "time" from t_stall_change where caterer_name = #{catererName}
        order by application_Time
  </select>
  
  <select id = "selectPagination" resultType="java.util.HashMap">
        select DISTINCT s.id_Card,s.SERIAL_NUM,s.CATERER_NAME,to_char (s.application_Time,'yyyy/mm/dd')"TIME",s.APPLICANTS,s.STATUS from t_stall_change s left join t_onesignature o on s.id_card = o.form_CODE
        WHERE (O.UUID = #{uuid} or o.proxy_id = #{uuid}) AND  (s.STATUS = '签核中' or s.STATUS = '已驳回') and o.myself_sign = 'Y' and o.sigstatus = 'N' and o.order_number != 1 order by SERIAL_NUM,CATERER_NAME
  </select>
  
   <select id = "getArchiveQuery" resultType="java.util.HashMap">
        select DISTINCT s.id_Card,s.SERIAL_NUM,s.CATERER_NAME,to_char (s.application_Time,'yyyy/mm/dd')"TIME",s.APPLICANTS,s.STATUS from t_stall_change s left join t_onesignature o on s.id_card = o.form_CODE
        WHERE 
        <if test='!uuid.equals("administrator")'> (O.UUID = #{uuid} or o.proxy_id = #{uuid}) </if>
        <if test='uuid.equals("administrator")'> 1 = 1</if>
         order by SERIAL_NUM,CATERER_NAME
  </select>
</mapper>