<?xml version="1.0" encoding="UTF-8"?>
<!DOCTYPE mapper PUBLIC "-//mybatis.org//DTD Mapper 3.0//EN" "http://mybatis.org/dtd/mybatis-3-mapper.dtd">
<mapper namespace="com.foxconn.mapper.base.AuditPeopleMapper">
  <resultMap id="BaseResultMap" type="com.foxconn.entity.base.AuditPeople">
    <id column="NTH" jdbcType="OTHER" property="nth" />
    <result column="JOB_CARD" jdbcType="VARCHAR" property="jobCard" />
    <result column="UNAME" jdbcType="VARCHAR" property="uname" />
    <result column="COMFORT" jdbcType="VARCHAR" property="comfort" />
    <result column="STATION_NATURE" jdbcType="VARCHAR" property="stationNature" />
    <result column="people_type" jdbcType="VARCHAR" property="peopleType" />
    <result column="WRITE_TIME" jdbcType="TIMESTAMP" property="writeTime" />
  </resultMap>
  <sql id="Base_Column_List">
    NTH, JOB_CARD, UNAME, COMFORT, STATION_NATURE, people_type, WRITE_TIME
  </sql>
  
  <delete id="delByIds" parameterType="java.util.List">
      delete from T_AUDIT_PEOPLE where nth in (
        <foreach  collection="ids" item="item" index="index"  separator=",">
           #{item}
        </foreach>
        )
  </delete>
  
   <insert id="insertList" parameterType="java.util.List" >
     insert into T_AUDIT_PEOPLE (JOB_CARD, UNAME, COMFORT, STATION_NATURE, people_type) (
	    <foreach  collection="coverList" item="item" index="index"  separator="union all">
	        select
	            #{item.jobCard},#{item.uname},#{item.comfort},#{item.stationNature},#{item.peopleType}
	        from dual 
	    </foreach>
		)
    </insert>

  <select id="selectByItem" resultMap="BaseResultMap">
	  select 
	    <include refid="Base_Column_List" />
	   from T_AUDIT_PEOPLE where 1=1
	   <if test="item != null">
	    and (JOB_CARD like '%'||#{item,jdbcType=VARCHAR}||'%' or UNAME like '%'||#{item,jdbcType=VARCHAR}||'%'
	      or COMFORT like '%'||#{item,jdbcType=VARCHAR}||'%')
	   </if>
	    order by WRITE_TIME
  </select>
</mapper>