<?xml version="1.0" encoding="UTF-8"?>
<!DOCTYPE mapper PUBLIC "-//mybatis.org//DTD Mapper 3.0//EN" "http://mybatis.org/dtd/mybatis-3-mapper.dtd">
<mapper namespace="com.foxconn.mapper.CheckPeopleMapper">
  <resultMap id="BaseResultMap" type="com.foxconn.entity.CheckPeople">
    <id column="CHECKPEOPLE_ID" jdbcType="VARCHAR" property="checkpeopleId" />
    <result column="CHECK_TOTAL_ID" jdbcType="VARCHAR" property="checkTotalId" />
    <result column="CHECK_MANNAME" jdbcType="VARCHAR" property="checkManname" />
    <result column="CHECK_MAN_CARD" jdbcType="VARCHAR" property="checkManCard" />
    <result column="MAN_TYPE" jdbcType="VARCHAR" property="manType" />
    <result column="REMARK1" jdbcType="VARCHAR" property="remark1" />
  </resultMap>
  <sql id="Base_Column_List">
    CHECKPEOPLE_ID, CHECK_TOTAL_ID, CHECK_MANNAME, CHECK_MAN_CARD, MAN_TYPE, REMARK1
  </sql>
  <select id="selectByPrimaryKey" parameterType="java.lang.String" resultMap="BaseResultMap">
    select 
    <include refid="Base_Column_List" />
    from T_CHECKPEOPLE
    where CHECKPEOPLE_ID = #{checkpeopleId,jdbcType=VARCHAR}
  </select>
  <delete id="deleteByPrimaryKey" parameterType="java.lang.String">
    delete from T_CHECKPEOPLE
    where CHECKPEOPLE_ID = #{checkpeopleId,jdbcType=VARCHAR}
  </delete>
  <insert id="insert" parameterType="com.foxconn.entity.CheckPeople">
    insert into T_CHECKPEOPLE (CHECKPEOPLE_ID, CHECK_TOTAL_ID, CHECK_MANNAME, 
      CHECK_MAN_CARD, MAN_TYPE, REMARK1
      )
    values (#{checkpeopleId,jdbcType=VARCHAR}, #{checkTotalId,jdbcType=VARCHAR}, #{checkManname,jdbcType=VARCHAR}, 
      #{checkManCard,jdbcType=VARCHAR}, #{manType,jdbcType=VARCHAR}, #{remark1,jdbcType=VARCHAR}
      )
  </insert>
  <insert id="insertSelective" parameterType="com.foxconn.entity.CheckPeople">
    insert into T_CHECKPEOPLE
    <trim prefix="(" suffix=")" suffixOverrides=",">
      <if test="checkpeopleId != null">
        CHECKPEOPLE_ID,
      </if>
      <if test="checkTotalId != null">
        CHECK_TOTAL_ID,
      </if>
      <if test="checkManname != null">
        CHECK_MANNAME,
      </if>
      <if test="checkManCard != null">
        CHECK_MAN_CARD,
      </if>
      <if test="manType != null">
        MAN_TYPE,
      </if>
      <if test="remark1 != null">
        REMARK1,
      </if>
    </trim>
    <trim prefix="values (" suffix=")" suffixOverrides=",">
      <if test="checkpeopleId != null">
        #{checkpeopleId,jdbcType=VARCHAR},
      </if>
      <if test="checkTotalId != null">
        #{checkTotalId,jdbcType=VARCHAR},
      </if>
      <if test="checkManname != null">
        #{checkManname,jdbcType=VARCHAR},
      </if>
      <if test="checkManCard != null">
        #{checkManCard,jdbcType=VARCHAR},
      </if>
      <if test="manType != null">
        #{manType,jdbcType=VARCHAR},
      </if>
      <if test="remark1 != null">
        #{remark1,jdbcType=VARCHAR},
      </if>
    </trim>
  </insert>
  <update id="updateByPrimaryKeySelective" parameterType="com.foxconn.entity.CheckPeople">
    update T_CHECKPEOPLE
    <set>
      <if test="checkTotalId != null">
        CHECK_TOTAL_ID = #{checkTotalId,jdbcType=VARCHAR},
      </if>
      <if test="checkManname != null">
        CHECK_MANNAME = #{checkManname,jdbcType=VARCHAR},
      </if>
      <if test="checkManCard != null">
        CHECK_MAN_CARD = #{checkManCard,jdbcType=VARCHAR},
      </if>
      <if test="manType != null">
        MAN_TYPE = #{manType,jdbcType=VARCHAR},
      </if>
      <if test="remark1 != null">
        REMARK1 = #{remark1,jdbcType=VARCHAR},
      </if>
    </set>
    where CHECKPEOPLE_ID = #{checkpeopleId,jdbcType=VARCHAR}
  </update>
  <update id="updateByPrimaryKey" parameterType="com.foxconn.entity.CheckPeople">
    update T_CHECKPEOPLE
    set CHECK_TOTAL_ID = #{checkTotalId,jdbcType=VARCHAR},
      CHECK_MANNAME = #{checkManname,jdbcType=VARCHAR},
      CHECK_MAN_CARD = #{checkManCard,jdbcType=VARCHAR},
      MAN_TYPE = #{manType,jdbcType=VARCHAR},
      REMARK1 = #{remark1,jdbcType=VARCHAR}
    where CHECKPEOPLE_ID = #{checkpeopleId,jdbcType=VARCHAR}
  </update>
</mapper>