<?xml version="1.0" encoding="UTF-8"?>
<!DOCTYPE mapper PUBLIC "-//mybatis.org//DTD Mapper 3.0//EN" "http://mybatis.org/dtd/mybatis-3-mapper.dtd">
<mapper namespace="com.foxconn.mapper.CheckTotalMapper">
  <resultMap id="BaseResultMap" type="com.foxconn.entity.CheckTotal">
    <result column="CHECKTOTAL_ID" jdbcType="VARCHAR" property="checktotalId" />
    <result column="MEAL_SELLER" jdbcType="VARCHAR" property="mealSeller" />
    <result column="RESTAURANT_LOCATION" jdbcType="VARCHAR" property="restaurantLocation" />
    <result column="LEADER" jdbcType="VARCHAR" property="leader" />
    <result column="CHECKTIME" jdbcType="VARCHAR" property="checktime" />
    <result column="MEAL_SURE" jdbcType="VARCHAR" property="mealSure" />
    <result column="REAR_SERVICE_SURE" jdbcType="VARCHAR" property="rearServiceSure" />
    <result column="HASTROUBLE" jdbcType="VARCHAR" property="hastrouble" />
    <result column="OVEREND" jdbcType="VARCHAR" property="overend" />
    <result column="PROOF" jdbcType="VARCHAR" property="proof" />
    <result column="JIHE_STATUS" jdbcType="VARCHAR" property="jiheStatus" />
    <result column="RESTAURANT_ID" jdbcType="VARCHAR" property="restaurantId" />
    <result column="CHECK_NATURN" jdbcType="VARCHAR" property="checkNaturn" />
    <result column="CHECK_POINT" jdbcType="VARCHAR" property="checkPoint" />
    <result column="FILED1" jdbcType="VARCHAR" property="filed1" />
    <result column="FILED2" jdbcType="VARCHAR" property="filed2" />
    <result column="FILED3" jdbcType="VARCHAR" property="filed3" />
    <result column="FILED4" jdbcType="VARCHAR" property="filed4" />
  </resultMap>
  
  <sql id="Base_Column_List">
      CHECKTOTAL_ID, MEAL_SELLER, RESTAURANT_LOCATION, 
      LEADER, CHECKTIME, MEAL_SURE, 
      REAR_SERVICE_SURE, HASTROUBLE, OVEREND, 
      PROOF, JIHE_STATUS, RESTAURANT_ID, 
      CHECK_NATURN, CHECK_POINT
  </sql>
  <select id="findByItem" parameterType="java.lang.string" resultMap="BaseResultMap">
    select 
    <include refid="Base_Column_List" />
    from T_CHECKTOTAL where 1=1
    <if test="mealSeller != null">
    and MEAL_SELLER = #{mealSeller}
    </if>
    <if test="restaurantLocation != null">
    and RESTAURANT_LOCATION = #{restaurantLocation}
    </if>
    <if test="overend != null">
    and OVEREND = #{overend}
    </if>
    <if test="startTime != null">
    and CHECKTIME &gt;= #{startTime}
    </if>
    <if test="endTime != null">
    and CHECKTIME &lt;= #{endTime}
    </if>
    order by CHECKTIME
  </select>
  
  <insert id="insertGetId" parameterType="com.foxconn.entity.CheckTotal">
    <selectKey keyProperty='checkTotal.checktotalId' resultType='String' order='AFTER'>
        select CHECKTOTAL_ID from T_CHECKTOTAL where CHECKTIME = #{checkTotal.checktime}
    </selectKey>
    insert into T_CHECKTOTAL 
    <trim prefix="(" suffix=")" suffixOverrides=",">
      <if test="checkTotal.checktotalId != null">
        CHECKTOTAL_ID,
      </if>
      <if test="checkTotal.mealSeller != null">
        MEAL_SELLER,
      </if>
      <if test="checkTotal.restaurantLocation != null">
        RESTAURANT_LOCATION,
      </if>
      <if test="checkTotal.leader != null">
        LEADER,
      </if>
      <if test="checkTotal.checktime != null">
        CHECKTIME,
      </if>
      <if test="checkTotal.mealSure != null">
        MEAL_SURE,
      </if>
      <if test="checkTotal.rearServiceSure != null">
        REAR_SERVICE_SURE,
      </if>
      <if test="checkTotal.hastrouble != null">
        HASTROUBLE,
      </if>
      <if test="checkTotal.overend != null">
        OVEREND,
      </if>
      <if test="checkTotal.proof != null">
        proof,
      </if>
      <if test="checkTotal.jiheStatus != null">
        JIHE_STATUS,
      </if>
      <if test="checkTotal.restaurantId != null">
        RESTAURANT_ID,
      </if>
      <if test="checkTotal.checkNaturn != null">
        CHECK_NATURN,
      </if>
      <if test="checkTotal.checkPoint != null">
        CHECK_POINT,
      </if>
    </trim>
    <trim prefix="values (" suffix=")" suffixOverrides=",">
      <if test="checkTotal.checktotalId != null">
        #{checkTotal.checktotalId,jdbcType=VARCHAR},
      </if>
      <if test="checkTotal.mealSeller != null">
        #{checkTotal.mealSeller,jdbcType=VARCHAR},
      </if>
      <if test="checkTotal.restaurantLocation != null">
        #{checkTotal.restaurantLocation,jdbcType=VARCHAR},
      </if>
      <if test="checkTotal.leader != null">
        #{checkTotal.leader,jdbcType=VARCHAR},
      </if>
      <if test="checkTotal.checktime != null">
        #{checkTotal.checktime,jdbcType=VARCHAR},
      </if>
      <if test="checkTotal.mealSure != null">
       #{checkTotal.mealSure,jdbcType=VARCHAR},
      </if>
      <if test="checkTotal.rearServiceSure != null">
        #{checkTotal.rearServiceSure,jdbcType=VARCHAR},
      </if>
      <if test="checkTotal.hastrouble != null">
       #{checkTotal.hastrouble,jdbcType=VARCHAR},
      </if>
      <if test="checkTotal.overend != null">
        #{checkTotal.overend,jdbcType=VARCHAR},
      </if>
      <if test="checkTotal.proof != null">
        #{checkTotal.proof,jdbcType=VARCHAR},
      </if>
      <if test="checkTotal.jiheStatus != null">
       #{checkTotal.jiheStatus,jdbcType=VARCHAR},
      </if>
      <if test="checkTotal.restaurantId != null">
        #{checkTotal.restaurantId,jdbcType=VARCHAR},
      </if>
      <if test="checkTotal.checkNaturn != null">
        #{checkTotal.checkNaturn,jdbcType=VARCHAR},
      </if>
      <if test="checkTotal.checkPoint != null">
        #{checkTotal.checkPoint,jdbcType=VARCHAR},
      </if>
    </trim>
    
  </insert>
</mapper>