<?xml version="1.0" encoding="UTF-8"?>
<!DOCTYPE mapper PUBLIC "-//mybatis.org//DTD Mapper 3.0//EN" "http://mybatis.org/dtd/mybatis-3-mapper.dtd">
<mapper namespace="com.foxconn.mapper.CheckProblemMapper">
  <resultMap id="BaseResultMap" type="com.foxconn.entity.CheckProblem">
    <result column="CHECK_PROBLEM_ID" jdbcType="VARCHAR" property="checkProblemId" />
    <result column="CHECK_MTOTAL_ID" jdbcType="VARCHAR" property="checkMtotalId" />
    <result column="TYPE_BIG_NAME" jdbcType="VARCHAR" property="typeBigName" />
    <result column="THIRD_CODE" jdbcType="VARCHAR" property="thirdCode" />
    <result column="TYPE_SMALL_NAME" jdbcType="VARCHAR" property="typeSmallName" />
    <result column="STAND_CONTENT" jdbcType="VARCHAR" property="standContent" />
    <result column="BEFORE_IMG" jdbcType="VARCHAR" property="beforeImg" />
    <result column="AFTER_IMG" jdbcType="VARCHAR" property="afterImg" />
    <result column="PROBLEM_DETAIL" jdbcType="VARCHAR" property="problemDetail" />
    <result column="BEFORE_SCORE" jdbcType="DECIMAL" property="beforeScore" />
    <result column="AFTER_SCORE" jdbcType="DECIMAL" property="afterScore" />
    <result column="BEFORE_MONEY" jdbcType="OTHER" property="beforeMoney" />
    <result column="AFTER_MONEY" jdbcType="OTHER" property="afterMoney" />
    <result column="WRITETIME" jdbcType="TIMESTAMP" property="writetime" />
    <result column="GRADE" jdbcType="VARCHAR" property="grade" />
    <result column="REVISE" jdbcType="VARCHAR" property="revise" />
    <result column="EXAMINE" jdbcType="VARCHAR" property="examine" />
    <result column="UPDATE_CAUSE" jdbcType="VARCHAR" property="updateCause" />
    <result column="COLUMN33" jdbcType="VARCHAR" property="column33" />
  </resultMap>
  <insert id="insert" parameterType="com.foxconn.entity.CheckProblem">
    insert into T_CHECKPROBLEM (CHECK_PROBLEM_ID, CHECK_MTOTAL_ID, TYPE_BIG_NAME, 
      THIRD_CODE, TYPE_SMALL_NAME, STAND_CONTENT, 
      BEFORE_IMG, AFTER_IMG, PROBLEM_DETAIL, 
      BEFORE_SCORE, AFTER_SCORE, BEFORE_MONEY, 
      AFTER_MONEY, WRITETIME, GRADE, 
      REVISE, EXAMINE, UPDATE_CAUSE, 
      COLUMN33)
    values (#{checkProblemId,jdbcType=VARCHAR}, #{checkMtotalId,jdbcType=VARCHAR}, #{typeBigName,jdbcType=VARCHAR}, 
      #{thirdCode,jdbcType=VARCHAR}, #{typeSmallName,jdbcType=VARCHAR}, #{standContent,jdbcType=VARCHAR}, 
      #{beforeImg,jdbcType=VARCHAR}, #{afterImg,jdbcType=VARCHAR}, #{problemDetail,jdbcType=VARCHAR}, 
      #{beforeScore,jdbcType=DECIMAL}, #{afterScore,jdbcType=DECIMAL}, #{beforeMoney,jdbcType=OTHER}, 
      #{afterMoney,jdbcType=OTHER}, #{writetime,jdbcType=TIMESTAMP}, #{grade,jdbcType=VARCHAR}, 
      #{revise,jdbcType=VARCHAR}, #{examine,jdbcType=VARCHAR}, #{updateCause,jdbcType=VARCHAR}, 
      #{column33,jdbcType=VARCHAR})
  </insert>
  <insert id="insertSelective" parameterType="com.foxconn.entity.CheckProblem">
    insert into T_CHECKPROBLEM
    <trim prefix="(" suffix=")" suffixOverrides=",">
      <if test="checkProblemId != null">
        CHECK_PROBLEM_ID,
      </if>
      <if test="checkMtotalId != null">
        CHECK_MTOTAL_ID,
      </if>
      <if test="typeBigName != null">
        TYPE_BIG_NAME,
      </if>
      <if test="thirdCode != null">
        THIRD_CODE,
      </if>
      <if test="typeSmallName != null">
        TYPE_SMALL_NAME,
      </if>
      <if test="standContent != null">
        STAND_CONTENT,
      </if>
      <if test="beforeImg != null">
        BEFORE_IMG,
      </if>
      <if test="afterImg != null">
        AFTER_IMG,
      </if>
      <if test="problemDetail != null">
        PROBLEM_DETAIL,
      </if>
      <if test="beforeScore != null">
        BEFORE_SCORE,
      </if>
      <if test="afterScore != null">
        AFTER_SCORE,
      </if>
      <if test="beforeMoney != null">
        BEFORE_MONEY,
      </if>
      <if test="afterMoney != null">
        AFTER_MONEY,
      </if>
      <if test="writetime != null">
        WRITETIME,
      </if>
      <if test="grade != null">
        GRADE,
      </if>
      <if test="revise != null">
        REVISE,
      </if>
      <if test="examine != null">
        EXAMINE,
      </if>
      <if test="updateCause != null">
        UPDATE_CAUSE,
      </if>
      <if test="column33 != null">
        COLUMN33,
      </if>
    </trim>
    <trim prefix="values (" suffix=")" suffixOverrides=",">
      <if test="checkProblemId != null">
        #{checkProblemId,jdbcType=VARCHAR},
      </if>
      <if test="checkMtotalId != null">
        #{checkMtotalId,jdbcType=VARCHAR},
      </if>
      <if test="typeBigName != null">
        #{typeBigName,jdbcType=VARCHAR},
      </if>
      <if test="thirdCode != null">
        #{thirdCode,jdbcType=VARCHAR},
      </if>
      <if test="typeSmallName != null">
        #{typeSmallName,jdbcType=VARCHAR},
      </if>
      <if test="standContent != null">
        #{standContent,jdbcType=VARCHAR},
      </if>
      <if test="beforeImg != null">
        #{beforeImg,jdbcType=VARCHAR},
      </if>
      <if test="afterImg != null">
        #{afterImg,jdbcType=VARCHAR},
      </if>
      <if test="problemDetail != null">
        #{problemDetail,jdbcType=VARCHAR},
      </if>
      <if test="beforeScore != null">
        #{beforeScore,jdbcType=DECIMAL},
      </if>
      <if test="afterScore != null">
        #{afterScore,jdbcType=DECIMAL},
      </if>
      <if test="beforeMoney != null">
        #{beforeMoney,jdbcType=OTHER},
      </if>
      <if test="afterMoney != null">
        #{afterMoney,jdbcType=OTHER},
      </if>
      <if test="writetime != null">
        #{writetime,jdbcType=TIMESTAMP},
      </if>
      <if test="grade != null">
        #{grade,jdbcType=VARCHAR},
      </if>
      <if test="revise != null">
        #{revise,jdbcType=VARCHAR},
      </if>
      <if test="examine != null">
        #{examine,jdbcType=VARCHAR},
      </if>
      <if test="updateCause != null">
        #{updateCause,jdbcType=VARCHAR},
      </if>
      <if test="column33 != null">
        #{column33,jdbcType=VARCHAR},
      </if>
    </trim>
  </insert>
</mapper>