<?xml version="1.0" encoding="UTF-8"?>
<!DOCTYPE mapper PUBLIC "-//mybatis.org//DTD Mapper 3.0//EN" "http://mybatis.org/dtd/mybatis-3-mapper.dtd">
<mapper namespace="com.foxconn.mapper.DepartEntityMapper">
  <resultMap id="BaseResultMap" type="com.foxconn.entity.DepartEntity">
    <id column="DEPART_ID" jdbcType="VARCHAR" property="departId" />
    <result column="DEPART_NAME" jdbcType="VARCHAR" property="departName" />
    <result column="DEPART_CODE" jdbcType="VARCHAR" property="departCode" />
    <result column="REMARKS" jdbcType="VARCHAR" property="remarks" />
  </resultMap>
  <sql id="Base_Column_List">
    DEPART_ID, DEPART_NAME, DEPART_CODE, REMARKS
  </sql>
  
</mapper>