<?xml version="1.0" encoding="UTF-8"?>
<!DOCTYPE mapper PUBLIC "-//mybatis.org//DTD Mapper 3.0//EN" "http://mybatis.org/dtd/mybatis-3-mapper.dtd">
<mapper namespace="com.foxconn.mapper.base.ManagementStandMapper">
  <resultMap id="BaseResultMap" type="com.foxconn.entity.base.ManagementStand">
    <id column="NTH" jdbcType="OTHER" property="nth" />
    <result column="ONE_CODE" jdbcType="VARCHAR" property="oneCode" />
    <result column="TYPE_BIG_NAME" jdbcType="VARCHAR" property="typeBigName" />
    <result column="TWO_CODE" jdbcType="VARCHAR" property="twoCode" />
    <result column="TYPE_SMALL_NAME" jdbcType="VARCHAR" property="typeSmallName" />
    <result column="THREE_CODE" jdbcType="VARCHAR" property="threeCode" />
    <result column="CONTENT" jdbcType="VARCHAR" property="content" />
    <result column="GRADATION" jdbcType="VARCHAR" property="gradation" />
    <result column="KOU_SCORE" jdbcType="DECIMAL" property="kouScore" />
    <result column="WARNING" jdbcType="VARCHAR" property="warning" />
    <result column="FIRST_HANDLE" jdbcType="VARCHAR" property="firstHandle" />
    <result column="SECOND_HANDLE" jdbcType="VARCHAR" property="secondHandle" />
    <result column="THIRD_HANDLE" jdbcType="VARCHAR" property="thirdHandle" />
    <result column="WRITE_TIME" jdbcType="TIMESTAMP" property="writeTime" />
  </resultMap>
  <sql id="Base_Column_List">
    NTH, ONE_CODE, TYPE_BIG_NAME, TWO_CODE, TYPE_SMALL_NAME, THREE_CODE, CONTENT, GRADATION, 
    KOU_SCORE, WARNING, FIRST_HANDLE, SECOND_HANDLE, THIRD_HANDLE, WRITE_TIME
  </sql>
  
  <insert id="insertList" parameterType="java.util.List" >
    insert into T_MANAGEMENSTANDARD (ONE_CODE, TYPE_BIG_NAME, TWO_CODE, TYPE_SMALL_NAME, THREE_CODE, CONTENT, GRADATION, 
    KOU_SCORE, WARNING, FIRST_HANDLE, SECOND_HANDLE, THIRD_HANDLE) (
    <foreach  collection="coverList" item="item" index="index"  separator="union all">
        select
              #{item.oneCode},#{item.typeBigName},#{item.twoCode},#{item.typeSmallName},
	          #{item.threeCode},#{item.content},#{item.gradation},#{item.kouScore},
	          #{item.warning},#{item.firstHandle},#{item.secondHandle},#{item.thirdHandle}
        from dual 
    </foreach>
        )
    </insert>
    
    <select id="selectByItem" resultMap="BaseResultMap">
      select 
        <include refid="Base_Column_List" />
       from T_MANAGEMENSTANDARD where 1=1
       <if test="item != null">
        and (TYPE_BIG_NAME like '%'||#{item,jdbcType=VARCHAR}||'%' or TYPE_SMALL_NAME like '%'||#{item,jdbcType=VARCHAR}||'%'
          or CONTENT like '%'||#{item,jdbcType=VARCHAR}||'%')
       </if>
        order by WRITE_TIME
  </select>
</mapper>