<?xml version="1.0" encoding="UTF-8"?>
<!DOCTYPE mapper PUBLIC "-//mybatis.org//DTD Mapper 3.0//EN" "http://mybatis.org/dtd/mybatis-3-mapper.dtd">
<mapper namespace="com.foxconn.mapper.PermissionEntityMapper">
  <resultMap id="BaseResultMap" type="com.foxconn.entity.PermissionEntity">
    <id column="PER_ID" jdbcType="VARCHAR" property="perId" />
    <result column="PER_NAME" jdbcType="VARCHAR" property="perName" />
    <result column="PER_URL" jdbcType="VARCHAR" property="perUrl" />
    <result column="PER_DESCRIPTION" jdbcType="VARCHAR" property="perDescription" />
    <result column="CREATETIME" jdbcType="TIMESTAMP" property="createtime" />
  </resultMap>
  <sql id="Base_Column_List">
    PER_ID, PER_NAME, PER_URL, PER_DESCRIPTION, CREATETIME
  </sql>
  <!-- <select id="selectByPrimaryKey" parameterType="java.lang.String" resultMap="BaseResultMap">
    select 
    <include refid="Base_Column_List" />
    from T_PERMISSION
    where PER_ID = #{perId,jdbcType=VARCHAR}
  </select> -->
  
</mapper>