<?xml version="1.0" encoding="UTF-8"?>
<!DOCTYPE mapper PUBLIC "-//mybatis.org//DTD Mapper 3.0//EN" "http://mybatis.org/dtd/mybatis-3-mapper.dtd">
<mapper namespace="com.foxconn.mapper.base.RestaurantDetailMapper">
  <resultMap id="BaseResultMap" type="com.foxconn.entity.base.RestaurantDetail">
    <id column="NTH" jdbcType="OTHER" property="nth" />
    <result column="RESTAURANT_LOCATIONS" jdbcType="VARCHAR" property="restaurantLocations" />
    <result column="RESTAURANT_NAME" jdbcType="VARCHAR" property="restaurantName" />
    <result column="RESTAURANT_STATUS" jdbcType="VARCHAR" property="restaurantStatus" />
    <result column="RESTAURANT_TYPE" jdbcType="VARCHAR" property="restaurantType" />
    <result column="KITCHEN_TYPE" jdbcType="VARCHAR" property="kitchenType" />
    <result column="CONTRACT_START" jdbcType="VARCHAR" property="contractStart" />
    <result column="CONTRACT_END" jdbcType="VARCHAR" property="contractEnd" />
    <result column="RESTAURANT_LEGAL" jdbcType="VARCHAR" property="restaurantLegal" />
    <result column="RESTAURANT_LEGAL_NAME" jdbcType="VARCHAR" property="restaurantLegalName" />
    <result column="VOLUME" jdbcType="VARCHAR" property="volume" />
    <result column="REMARKS" jdbcType="VARCHAR" property="remarks" />
    <result column="WRITE_TIME" jdbcType="TIMESTAMP" property="writeTime" />
  </resultMap>
  <sql id="Base_Column_List">
    NTH, RESTAURANT_LOCATIONS, RESTAURANT_NAME, RESTAURANT_STATUS, RESTAURANT_TYPE, KITCHEN_TYPE, 
    CONTRACT_START, CONTRACT_END, RESTAURANT_LEGAL, RESTAURANT_LEGAL_NAME, VOLUME, REMARKS, 
    WRITE_TIME
  </sql>
  
  <insert id="insertList" parameterType="java.util.List" >
    insert into T_RESTAURANT_DETAIL (RESTAURANT_LOCATIONS, RESTAURANT_NAME, RESTAURANT_STATUS, RESTAURANT_TYPE, KITCHEN_TYPE, 
    CONTRACT_START, CONTRACT_END, RESTAURANT_LEGAL, RESTAURANT_LEGAL_NAME, VOLUME, REMARKS) (
    <foreach  collection="coverList" item="item" index="index"  separator="union all">
        select
              #{item.restaurantLocations},#{item.restaurantName},#{item.restaurantStatus},#{item.restaurantType},
	          #{item.kitchenType},#{item.contractStart},#{item.contractEnd},#{item.restaurantLegal},
	          #{item.restaurantLegalName},#{item.volume},#{item.remarks}
        from dual 
    </foreach>
        )
    </insert>
    
    <select id="selectByItem" resultMap="BaseResultMap">
      select 
        <include refid="Base_Column_List" />
       from T_RESTAURANT_DETAIL where 1=1
       <if test="item != null">
        and (RESTAURANT_NAME like '%'||#{item,jdbcType=VARCHAR}||'%' or RESTAURANT_STATUS like '%'||#{item,jdbcType=VARCHAR}||'%'
          or RESTAURANT_TYPE like '%'||#{item,jdbcType=VARCHAR}||'%' or RESTAURANT_LOCATIONS like '%'||#{item,jdbcType=VARCHAR}||'%')
       </if>
        order by WRITE_TIME
    </select>
</mapper>