<?xml version="1.0" encoding="UTF-8"?>
<!DOCTYPE mapper PUBLIC "-//mybatis.org//DTD Mapper 3.0//EN" "http://mybatis.org/dtd/mybatis-3-mapper.dtd">
<mapper namespace="com.foxconn.mapper.RoleEntityMapper">
  <resultMap id="BaseResultMap" type="com.foxconn.entity.RoleEntity">
    <id column="ROLE_ID" jdbcType="VARCHAR" property="roleId" />
    <result column="ROLE_NAME" jdbcType="VARCHAR" property="roleName" />
    <result column="CREATETIME" jdbcType="TIMESTAMP" property="createtime" />
    <result column="DESCRIPTION" jdbcType="VARCHAR" property="description" />
    <collection property="permissionList" column="ROLE_ID" select="getPermissionByRoleId">      
          <id column="per_id" jdbcType="VARCHAR" property="perId" />
          <result column="per_name" jdbcType="VARCHAR" property="perName" />
          <result column="per_url" jdbcType="VARCHAR" property="perUrl" />
          <result column="per_description" jdbcType="VARCHAR" property="perDescription" />
        </collection>
  </resultMap>
  <sql id="Base_Column_List">
    ROLE_ID, ROLE_NAME, CREATETIME, DESCRIPTION
  </sql>
  <select id="listRoleAll" parameterType="java.lang.String" resultMap="BaseResultMap">
  
  SELECT * FROM (
     SELECT tt.*, ROWNUM AS rowno
        FROM (    
                    select 
				    <include refid="Base_Column_List" />
				    from T_ROLE
              ) tt
         WHERE ROWNUM &lt;= ((${start}-1)*${length}+${length})
      ) table_alias
  WHERE table_alias.rowno &gt;= (${start}-1)*${length}+1
    
  </select> 
  
  <select id="count" parameterType="java.lang.String" resultType="java.lang.Integer">
   SELECT COUNT(*) FROM (
          select 
          <include refid="Base_Column_List" />
          from T_ROLE
    ) t
  </select> 
  <select id="getRoleById" parameterType="java.lang.String" resultMap="BaseResultMap">
    select 
    <include refid="Base_Column_List" />
    from T_ROLE
    where ROLE_ID = #{roleId,jdbcType=VARCHAR}
  </select> 
  
  <select id="getPermissionByRoleId" parameterType="java.lang.String" resultType="com.foxconn.entity.PermissionEntity">
    select 
    p.per_id perId, p.per_name perName, p.per_url perUrl
    from T_ROLE_permission rp left join t_permission p on rp.per_id=p.per_id
    where rp.ROLE_ID = #{roleId}
  </select> 
  <select id="getRoleId" parameterType="java.lang.String" resultType="java.lang.String">
    select role_id from t_role
    where  ROLE_NAME= #{roleName} and DESCRIPTION = #{description}
  </select> 
  
</mapper>