<?xml version="1.0" encoding="UTF-8"?>
<!DOCTYPE mapper PUBLIC "-//mybatis.org//DTD Mapper 3.0//EN" "http://mybatis.org/dtd/mybatis-3-mapper.dtd">
<mapper namespace="com.foxconn.mapper.RPEntityMapper">
  <resultMap id="BaseResultMap" type="com.foxconn.entity.RPEntity">
    <id column="RP_ID" jdbcType="VARCHAR" property="rpId" />
    <result column="ROLE_ID" jdbcType="VARCHAR" property="roleId" />
    <result column="PER_ID" jdbcType="VARCHAR" property="perId" />
    <result column="CREATETIME" jdbcType="TIMESTAMP" property="createtime" />
  </resultMap>
  <sql id="Base_Column_List">
    RP_ID, ROLE_ID, PER_ID, CREATETIME
  </sql>
 
</mapper>