<?xml version="1.0" encoding="UTF-8"?>
<!DOCTYPE mapper PUBLIC "-//mybatis.org//DTD Mapper 3.0//EN" "http://mybatis.org/dtd/mybatis-3-mapper.dtd">
<mapper namespace="com.foxconn.mapper.UREntityMapper">
  <resultMap id="BaseResultMap" type="com.foxconn.entity.UREntity">
    <id column="UR_ID" jdbcType="VARCHAR" property="urId" />
    <result column="USER_ID" jdbcType="VARCHAR" property="userId" />
    <result column="ROLE_ID" jdbcType="VARCHAR" property="roleId" />
    <result column="CREATETIME" jdbcType="TIMESTAMP" property="createtime" />
  </resultMap>
  <sql id="Base_Column_List">
    UR_ID, USER_ID, ROLE_ID, CREATETIME
  </sql>
  <select id="findRoleByUserid" parameterType="java.lang.String" resultType="com.foxconn.entity.RoleEntity">
        select r.ROLE_ID roleId, r.ROLE_NAME roleName
        from t_user_role ur LEFT JOIN t_role r on ur.role_id=r.role_id where ur.user_id=#{userId}
        
  </select>
</mapper>