<?xml version="1.0" encoding="UTF-8"?>
<!DOCTYPE mapper PUBLIC "-//mybatis.org//DTD Mapper 3.0//EN" "http://mybatis.org/dtd/mybatis-3-mapper.dtd">
<mapper namespace="com.foxconn.mapper.UserEntityMapper">
  <resultMap id="BaseResultMap" type="com.foxconn.entity.UserEntity">
    <id column="USER_ID" jdbcType="VARCHAR" property="userId" />
    <result column="USER_NUMBER" jdbcType="VARCHAR" property="userNumber" />
    <result column="NICKNAME" jdbcType="VARCHAR" property="nickname" />
    <result column="PWD" jdbcType="VARCHAR" property="pwd" />
    <result column="PHONE" jdbcType="VARCHAR" property="phone" />
    <result column="EMAIL" jdbcType="VARCHAR" property="email" />
    <result column="USER_STATUS" jdbcType="DECIMAL" property="userStatus" />
    <result column="DEPART_ID" jdbcType="VARCHAR" property="departId" />
    <result column="PROXY_PEOPLE" jdbcType="VARCHAR" property="proxyPeople" />
    <result column="STARTTIME" jdbcType="VARCHAR" property="starttime" />
    <result column="ENDTIME" jdbcType="VARCHAR" property="endtime" />
    <result column="CREATETIME" jdbcType="TIMESTAMP" property="createtime" />
    <result column="LAST_LOGINTIME" jdbcType="VARCHAR" property="lastLogintime" />
     <association property="depart" javaType="com.foxconn.entity.DepartEntity">
            <id column="DEPART_ID" jdbcType="VARCHAR" property="departId" />
		    <result column="DEPART_NAME" jdbcType="VARCHAR" property="departName" />
		    <result column="DEPART_CODE" jdbcType="VARCHAR" property="departCode" />
		    <result column="REMARKS" jdbcType="VARCHAR" property="remarks" />
      </association>
    <collection property="roleList" ofType="com.foxconn.entity.RoleEntity">
        <id property="roleId" column="ROLE_ID" />
        <result property="roleName" column="ROLE_NAME"/>
        <collection property="permissionList" ofType="com.foxconn.entity.PermissionEntity">      
          <id column="PER_ID" jdbcType="VARCHAR" property="perId" />
          <result column="PER_NAME" jdbcType="VARCHAR" property="perName" />
          <result column="PER_URL" jdbcType="VARCHAR" property="perUrl" />
          <result column="PER_DESCRIPTION" jdbcType="VARCHAR" property="perDescription" />
        </collection>
    </collection>
   
  </resultMap>
  
  <select id="listAllUser" parameterType="java.lang.String" resultMap="BaseResultMap">
  
	  <!-- select * from (
	  select rownum rowno,t.* from ( -->
	  SELECT * FROM (
          SELECT tt.*, ROWNUM AS rowno FROM (
		      select * from t_user u left join t_depart dp on dp.depart_id=u.depart_id where
		        <if test="item != null">
		        and ( u.user_number like '%'||#{item,jdbcType=VARCHAR}||'%' or u.nickname like '%'||#{item,jdbcType=VARCHAR}||'%') 
		      </if>  
		      order by u.createtime   
	      
	      ) tt
         WHERE ROWNUM &lt;= ((${start}-1)*${length}+${length})
      ) table_alias
      WHERE table_alias.rowno &gt;= (${start}-1)*${length}+1 
	      
     <!--  ) t
     ) where rowno between (${start}-1)*${length}+1 and ((${start}-1)*${length}+${length})  -->
  </select>
  <select id="count" parameterType="java.lang.String" resultType="java.lang.Integer">
         SELECT COUNT(*) FROM (
		       select * from t_user u left join t_depart dp on dp.depart_id=u.depart_id where
            <if test="item != null">
            and ( u.user_number like '%'||#{item,jdbcType=VARCHAR}||'%' or u.nickname like '%'||#{item,jdbcType=VARCHAR}||'%') 
          </if>  
	      ) t
  </select>
  
  
  
  
   <select id="selectByUserId" resultMap="BaseResultMap">
    select * from t_user u 
        LEFT JOIN t_user_role ur on u.user_id=ur.user_id 
        LEFT JOIN t_role r on ur.role_id=r.role_id 
        LEFT JOIN t_role_permission rp on rp.role_id=r.role_id 
        LEFT JOIN t_permission p on p.per_id=rp.per_id 
        left join t_depart dp on dp.depart_id=u.depart_id where u.user_id = #{userId}
  </select>
  
   <select id="getUserByuerNumber" resultMap="BaseResultMap">
    select * from t_user u 
        LEFT JOIN t_user_role ur on u.user_id=ur.user_id 
        LEFT JOIN t_role r on ur.role_id=r.role_id 
        LEFT JOIN t_role_permission rp on rp.role_id=r.role_id 
        LEFT JOIN t_permission p on p.per_id=rp.per_id 
        left join t_depart dp on dp.depart_id=u.depart_id where u.user_number = #{userNumber}
  </select>
  
  
</mapper>