<?xml version="1.0" encoding="UTF-8"?>
<!DOCTYPE generatorConfiguration
        PUBLIC "-//mybatis.org//DTD MyBatis Generator Configuration 1.0//EN"
        "http://mybatis.org/dtd/mybatis-generator-config_1_0.dtd">
 
<generatorConfiguration>
 
    <!--数据库驱动jar -->
    <classPathEntry
        location="D:\apache-maven-3.6.1\repo\com\oracle\ojdbc6\11.2.0.3\ojdbc6-11.2.0.3.jar" />
 
    <context id="Tables" targetRuntime="MyBatis3">
        <!--去除注释 -->
        <commentGenerator>
            <property name="suppressAllComments" value="true" />
        </commentGenerator>
 
        <!--数据库连接 -->
        <jdbcConnection driverClass="oracle.jdbc.driver.OracleDriver"
            connectionURL="jdbc:oracle:thin:@10.244.95.46:1521:ORCL" userId="billtestuser" password="1233456">
        </jdbcConnection>
        <!--默认false Java type resolver will always use java.math.BigDecimal if 
            the database column is of type DECIMAL or NUMERIC. -->
        <javaTypeResolver>
            <property name="forceBigDecimals" value="false" />
        </javaTypeResolver>
 
		<!-- ************************* targetProject 最好使用相对路径,否则会报错(Project does not exist) **************** -->
 
        <!--生成实体类 指定包名 以及生成的地址 （可以自定义地址，但是路径不存在不会自动创建 使用Maven生成在target目录下，会自动创建） -->
        <!-- <javaModelGenerator targetPackage="com.foxconn.entity" 
            targetProject="TC_ExamineProject/src/main/java">
            <property name="enableSubPackages" value="true" />
            <property name="trimStrings" value="true" />
        </javaModelGenerator> -->  
        
        <!--生成SQLMAP文件 -->
        <sqlMapGenerator targetPackage="mappers"
            targetProject="TC_ExamineProject/src/main/resources">
            <property name="enableSubPackages" value="false" />
        </sqlMapGenerator> 
        <!--生成Dao文件 可以配置 type="XMLMAPPER"生成xml的dao实现 context id="DB2Tables" 修改targetRuntime="MyBatis3" -->
      <javaClientGenerator type="XMLMAPPER"
            targetPackage="com.foxconn.mapper"
            targetProject="TC_ExamineProject/src/main/java">
            <property name="enableSubPackages" value="false" />
        </javaClientGenerator>
  
        <!--对应数据库表 mysql可以加入主键自增 字段命名 忽略某字段等 -->
          
            <table tableName="T_PURCHASEDATE" domainObjectName="PruchaseObj"
            enableCountByExample="false" enableUpdateByExample="false"
            enableDeleteByExample="false" enableSelectByExample="false"
            selectByExampleQueryId="false" />
       </context>     
            
           
            
</generatorConfiguration>