<?xml version="1.0" encoding="UTF-8"?>
<!DOCTYPE mapper PUBLIC "-//mybatis.org//DTD Mapper 3.0//EN" "http://mybatis.org/dtd/mybatis-3-mapper.dtd">
<mapper namespace="com.foxconn.mapper.CheckProblemMapper">
  <resultMap id="BaseResultMap" type="com.foxconn.entity.CheckProblem">
    <id column="CHECK_PROBLEM_ID" jdbcType="VARCHAR" property="checkProblemId" />
    <result column="CHECK_MTOTAL_ID" jdbcType="VARCHAR" property="checkMtotalId" />
    <result column="TYPE_BIG_NAME" jdbcType="VARCHAR" property="typeBigName" />
    <result column="THIRD_CODE" jdbcType="VARCHAR" property="thirdCode" />
    <result column="TYPE_SMALL_NAME" jdbcType="VARCHAR" property="typeSmallName" />
    <result column="STAND_CONTENT" jdbcType="VARCHAR" property="standContent" />
    <result column="BEFORE_IMG" jdbcType="VARCHAR" property="beforeImg" />
    <result column="AFTER_IMG" jdbcType="VARCHAR" property="afterImg" />
    <result column="PROBLEM_DETAIL" jdbcType="VARCHAR" property="problemDetail" />
    <result column="BEFORE_SCORE" jdbcType="DECIMAL" property="beforeScore" />
    <result column="AFTER_SCORE" jdbcType="DECIMAL" property="afterScore" />
    <result column="BEFORE_MONEY" jdbcType="DECIMAL" property="beforeMoney" />
    <result column="AFTER_MONEY" jdbcType="DECIMAL" property="afterMoney" />
    <result column="WRITETIME" jdbcType="TIMESTAMP" property="writetime" />
    <result column="GRADE" jdbcType="VARCHAR" property="grade" />
    <result column="REVISE" jdbcType="VARCHAR" property="revise" />
    <result column="CANTING_ID" jdbcType="VARCHAR" property="cantingId" />
    <result column="stand_remark" jdbcType="VARCHAR" property="standRemark" />
    <result column="pinlv" jdbcType="DECIMAL" property="pinlv" />
    <result column="PROBLEM_LOCATION" jdbcType="DECIMAL" property="problemLocation" />
  </resultMap>
  <sql id="Base_Column_List">
    CHECK_PROBLEM_ID, CHECK_MTOTAL_ID, TYPE_BIG_NAME, THIRD_CODE, TYPE_SMALL_NAME, STAND_CONTENT, 
    BEFORE_IMG, AFTER_IMG, PROBLEM_DETAIL, BEFORE_SCORE, AFTER_SCORE, BEFORE_MONEY, AFTER_MONEY, 
    WRITETIME, GRADE, REVISE, CANTING_ID, stand_remark, pinlv ,PROBLEM_LOCATION
  </sql>
  <select id="countPinLv" resultType="java.lang.Integer">
  		select count(THIRD_CODE) from t_checkproblem p left join t_checktotal t on p.check_mtotal_id = t.checktotal_id where 
  		t.overend in('已结案','签核中')   
  		and p.CANTING_ID = #{cantingId,jdbcType = VARCHAR}
  	    and p.THIRD_CODE = #{thirdCode,jdbcType=VARCHAR} 
  	    
  		and p.WRITETIME between to_date(#{startDate},'yyyy-mm-dd hh24:mi:ss') and to_date(#{endDate},'yyyy-mm-dd hh24:mi:ss')
  </select>
  <select id="findProblemIdByTotalId" resultType="java.lang.String">
  		select CHECK_PROBLEM_ID from t_checkproblem where CHECK_MTOTAL_ID = #{totalId,jdbcType=VARCHAR}
  </select>
  <update id="updatePinLv">
  	update T_CHECKPROBLEM set pinlv = #{pinlv} where CHECK_PROBLEM_ID = #{problemId}
  </update>
  
  
</mapper>