<?xml version="1.0" encoding="UTF-8"?>
<!DOCTYPE mapper PUBLIC "-//mybatis.org//DTD Mapper 3.0//EN" "http://mybatis.org/dtd/mybatis-3-mapper.dtd">
<mapper namespace="com.foxconn.mapper.CheckPeopleMapper">
  <resultMap id="BaseResultMap" type="com.foxconn.entity.CheckPeople">
    <id column="CHECKPEOPLE_ID" jdbcType="VARCHAR" property="checkpeopleId" />
    <result column="CHECK_TOTAL_ID" jdbcType="VARCHAR" property="checkTotalId" />
    <result column="CHECK_MANNAME" jdbcType="VARCHAR" property="checkManname" />
    <result column="CHECK_MAN_CARD" jdbcType="VARCHAR" property="checkManCard" />
    <result column="MAN_TYPE" jdbcType="VARCHAR" property="manType" />
    <result column="REMARK1" jdbcType="VARCHAR" property="remark1" />
  </resultMap>
  <sql id="Base_Column_List">
    CHECKPEOPLE_ID, CHECK_TOTAL_ID, CHECK_MANNAME, CHECK_MAN_CARD, MAN_TYPE, REMARK1
  </sql>
  
   <insert id="addCheckPeopleList">
  insert into T_CHECKPEOPLE (CHECK_TOTAL_ID,CHECK_MANNAME,CHECK_MAN_CARD)
    <foreach item='item' index='index' collection='peopleList' separator = ' union all '>
        select #{item.checkTotalId,jdbcType=VARCHAR},#{item.checkManname,jdbcType=VARCHAR},#{item.checkManCard,jdbcType=VARCHAR} from dual
    </foreach>
  </insert>
</mapper>