<?xml version="1.0" encoding="UTF-8"?>
<!DOCTYPE mapper PUBLIC "-//mybatis.org//DTD Mapper 3.0//EN" "http://mybatis.org/dtd/mybatis-3-mapper.dtd">
<mapper namespace="com.foxconn.mapper.CheckTotalMapper">
  <resultMap id="BaseResultMap" type="com.foxconn.entity.CheckTotal">
    <id column="CHECKTOTAL_ID" jdbcType="VARCHAR" property="checktotalId" />
    <result column="MEAL_SELLER" jdbcType="VARCHAR" property="mealSeller" />
    <result column="RESTAURANT_LOCATION" jdbcType="VARCHAR" property="restaurantLocation" />
    <result column="LEADER" jdbcType="VARCHAR" property="leader" />
    <result column="CHECKTIME" jdbcType="VARCHAR" property="checktime" />
    <result column="MEAL_SURE" jdbcType="VARCHAR" property="mealSure" />
    <result column="REAR_SERVICE_SURE" jdbcType="VARCHAR" property="rearServiceSure" />
    <result column="HASTROUBLE" jdbcType="VARCHAR" property="hastrouble" />
    <result column="OVEREND" jdbcType="VARCHAR" property="overend" />
    <result column="PROOF" jdbcType="VARCHAR" property="proof" />
    <result column="JIHE_STATUS" jdbcType="VARCHAR" property="jiheStatus" />
    <result column="RESTAURANT_ID" jdbcType="VARCHAR" property="restaurantId" />
    <result column="CHECK_NATURN" jdbcType="VARCHAR" property="checkNaturn" />
    <result column="CHECK_POINT" jdbcType="VARCHAR" property="checkPoint" />
    <result column="CREATE_USER" jdbcType="VARCHAR" property="createUser" />
    <result column="FILED2" jdbcType="VARCHAR" property="filed2" />
    <result column="FILED3" jdbcType="VARCHAR" property="filed3" />
    <result column="FILED4" jdbcType="VARCHAR" property="filed4" />
    <collection property="peopleList" ofType="com.foxconn.entity.CheckPeople">
        <id column="CHECKPEOPLE_ID" jdbcType="VARCHAR" property="checkpeopleId" />
	    <result column="CHECK_TOTAL_ID" jdbcType="VARCHAR" property="checkTotalId" />
	    <result column="CHECK_MANNAME" jdbcType="VARCHAR" property="checkManname" />
	    <result column="CHECK_MAN_CARD" jdbcType="VARCHAR" property="checkManCard" />
	    <result column="MAN_TYPE" jdbcType="VARCHAR" property="manType" />
	    <result column="REMARK1" jdbcType="VARCHAR" property="remark1" />
    </collection>
    <collection property="problemList" ofType="com.foxconn.entity.CheckProblem">      
        <id column="CHECK_PROBLEM_ID" jdbcType="VARCHAR" property="checkProblemId" />
	    <result column="CHECK_MTOTAL_ID" jdbcType="VARCHAR" property="checkMtotalId" />
	    <result column="TYPE_BIG_NAME" jdbcType="VARCHAR" property="typeBigName" />
	    <result column="THIRD_CODE" jdbcType="VARCHAR" property="thirdCode" />
	    <result column="TYPE_SMALL_NAME" jdbcType="VARCHAR" property="typeSmallName" />
	    <result column="STAND_CONTENT" jdbcType="VARCHAR" property="standContent" />
	    <result column="BEFORE_IMG" jdbcType="VARCHAR" property="beforeImg" />
	    <result column="AFTER_IMG" jdbcType="VARCHAR" property="afterImg" />
	    <result column="PROBLEM_DETAIL" jdbcType="VARCHAR" property="problemDetail" />
	    <result column="BEFORE_SCORE" jdbcType="DECIMAL" property="beforeScore" />
	    <result column="AFTER_SCORE" jdbcType="DECIMAL" property="afterScore" />
	    <result column="BEFORE_MONEY" jdbcType="DECIMAL" property="beforeMoney" />
	    <result column="AFTER_MONEY" jdbcType="DECIMAL" property="afterMoney" />
	    <result column="WRITETIME" jdbcType="TIMESTAMP" property="writetime" />
	    <result column="GRADE" jdbcType="VARCHAR" property="grade" />
	    <result column="REVISE" jdbcType="VARCHAR" property="revise" />
	    <result column="CANTING_ID" jdbcType="VARCHAR" property="cantingId" />
	    <result column="stand_remark" jdbcType="VARCHAR" property="standRemark" />
	    <result column="pinlv" jdbcType="DECIMAL" property="pinlv" />
	    <result column="PROBLEM_LOCATION" jdbcType="DECIMAL" property="problemLocation" />
    </collection>
  </resultMap>
  <sql id="total_Column_List">
    CHECKTOTAL_ID, MEAL_SELLER, RESTAURANT_LOCATION, LEADER, CHECKTIME, MEAL_SURE, REAR_SERVICE_SURE, 
    HASTROUBLE, OVEREND, PROOF, JIHE_STATUS, RESTAURANT_ID, CHECK_NATURN, CHECK_POINT, 
    CREATE_USER, FILED2, FILED3, FILED4
  </sql>
  <sql id="problem_Column_List">
    CHECK_PROBLEM_ID, CHECK_MTOTAL_ID, TYPE_BIG_NAME, THIRD_CODE, TYPE_SMALL_NAME, STAND_CONTENT, 
    BEFORE_IMG, AFTER_IMG, PROBLEM_DETAIL, BEFORE_SCORE, AFTER_SCORE, BEFORE_MONEY, AFTER_MONEY, 
    WRITETIME, GRADE, REVISE, CANTING_ID, stand_remark,PROBLEM_LOCATION
  </sql>
  <sql id="people_Column_List">
    CHECKPEOPLE_ID, CHECK_TOTAL_ID, CHECK_MANNAME, CHECK_MAN_CARD, MAN_TYPE, REMARK1
  </sql>
  <select id="getCheckTotalById" parameterType="java.lang.String" resultMap="BaseResultMap">
	        select 
	        *
	        from t_checktotal ct left join t_checkpeople cpeo on ct.checktotal_id = cpeo.check_total_id
	        left join t_checkproblem cpro on ct.checktotal_id = cpro.check_mtotal_id
	        where ct.CHECKTOTAL_ID = #{checkTotalId} order by cpro.writetime
  </select>
  <select id="listcheckTotalIdListByCanTingId" parameterType="java.lang.String" resultType="java.lang.String">
	        select * from t_checktotal 
	        where RESTAURANT_ID = #{restaurantId} and (OVEREND = '签核中' or OVEREND = '已结案')
  </select>
  <select id="getTotalDataByPage" parameterType="java.lang.String" resultMap="BaseResultMap">
  		SELECT DISTINCT CHECKTOTAL_ID FROM (
	        select 
	        ct.CHECKTOTAL_ID
	        from t_checktotal ct left join t_checkpeople cpeo on ct.checktotal_id = cpeo.check_total_id
	        left join t_checkproblem cpro on ct.checktotal_id = cpro.check_mtotal_id
	        where 1 = 1 
	        <if test="createUser != null and createUser != ''">
	        and create_user = #{createUser,jdbcType=VARCHAR}
	        </if>
	        <if test="startDate != null and startDate != ''">
	        and ct.CHECKTIME &gt; #{startDate}
	        </if>
	        <if test="endDate !=null and endDate != ''">
	        and ct.checktime &lt; #{endDate}
	        </if>
	        <if test="checkPeople != null and checkPeople != ''">
	        and cpeo.CHECK_MAN_CARD = #{checkPeople}
	        </if>
	        <if test="overend != null and overend != ''">
	        and ct.overend = #{overend}
	        </if>
	        order by ct.CHECKTIME
        )
  </select>
  
    <select id="getTotalData"  resultMap="BaseResultMap">
        select 
       *
        from t_checktotal ct left join t_checkpeople cpeo on ct.checktotal_id = cpeo.check_total_id
        left join t_checkproblem cpro on ct.checktotal_id = cpro.check_mtotal_id
        <where>  
	        <if test="idList != null and idList.size() != 0">
	            ct.CHECKTOTAL_ID in
		        <foreach item='item' index='index' collection='idList' open='(' separator=',' close=')'>
		            #{item.checktotalId}
		        </foreach>
		        order by FILED2
	        </if>
		    <if test="idList == null or idList.size() == 0">
	            1 = 2
		    </if>
	    </where>
  </select>
  
  
  <insert id="addCheckTotalList">
  insert into T_CHECKTOTAL (CHECKTOTAL_ID, MEAL_SELLER, RESTAURANT_LOCATION, LEADER, CHECKTIME, MEAL_SURE, REAR_SERVICE_SURE, 
    HASTROUBLE, OVEREND, PROOF, JIHE_STATUS, RESTAURANT_ID, CHECK_NATURN, CHECK_POINT, 
    create_user, FILED2)
    <foreach item='item' index='index' collection='totalList' separator = ' union all '>
        select #{item.checktotalId,jdbcType=VARCHAR},#{item.mealSeller,jdbcType=VARCHAR},#{item.restaurantLocation,jdbcType=VARCHAR},
        #{item.leader,jdbcType=VARCHAR},#{item.checktime,jdbcType=VARCHAR},#{item.mealSure,jdbcType=VARCHAR},
        #{item.rearServiceSure,jdbcType=VARCHAR},#{item.hastrouble,jdbcType=VARCHAR},#{item.overend,jdbcType=VARCHAR},#{item.proof,jdbcType=VARCHAR},
        #{item.jiheStatus,jdbcType=VARCHAR},#{item.restaurantId,jdbcType=VARCHAR},#{item.checkNaturn,jdbcType=VARCHAR},
        #{item.checkPoint,jdbcType=VARCHAR},#{item.createUser,jdbcType=VARCHAR},#{item.filed2,jdbcType=VARCHAR} from dual
    </foreach>
  </insert>
</mapper>