<?xml version="1.0" encoding="UTF-8"?>
<!DOCTYPE mapper PUBLIC "-//mybatis.org//DTD Mapper 3.0//EN" "http://mybatis.org/dtd/mybatis-3-mapper.dtd">
<mapper namespace="com.foxconn.mapper.OnesignatureMapper">
  <resultMap id="onesignatureMap" type="com.foxconn.entity.Onesignature">
    <id column="ONESIG_ID" jdbcType="VARCHAR" property="onesigId" />
    <result column="ORDER_NUMBER" jdbcType="VARCHAR" property="orderNumber" />
    <result column="NODE_NAME" jdbcType="VARCHAR" property="nodeName" />
    <result column="UUID" jdbcType="VARCHAR" property="uuid" />
    <result column="FORM_CODE" jdbcType="VARCHAR" property="formCode" />
    <result column="SIGSTATUS" jdbcType="VARCHAR" property="sigstatus" />
    <result column="SIGIDEA" jdbcType="VARCHAR" property="sigidea" />
    <result column="REMARK" jdbcType="VARCHAR" property="remark" />
    <result column="PROXY_ID" jdbcType="VARCHAR" property="proxyId" />
     <result column="MYSELF_SIGN" jdbcType="VARCHAR" property="myselfSign" />
  </resultMap>
  
  <resultMap id="SignOffInfoMap" type="com.foxconn.entity.SignOffInfo">
    <id column="FORM_CODE" jdbcType="VARCHAR" property="formCode" />
    <!-- <result column="FORM_CODE" jdbcType="VARCHAR" property="formCode" /> -->
    <result column="MEAL_SELLER" jdbcType="VARCHAR" property="mealSeller" />
    <result column="FILED2" jdbcType="VARCHAR" property="filed" />
    <result column="CHECKTIME" jdbcType="VARCHAR" property="checktime" />
    <result column="CHECK_POINT" jdbcType="VARCHAR" property="checkPoint" />
    <result column="RESTAURANT_LOCATION" jdbcType="VARCHAR" property="restaurantLocation" />
    <result column="RESTAURANT_ID" jdbcType="VARCHAR" property="restaturantId" />
     <result column="OVEREND" jdbcType="VARCHAR" property="overEnd" />
    <collection property="cheeckMannames" ofType="com.foxconn.entity.CheckPeople">
        <id column="CHECKPEOPLE_ID" jdbcType="VARCHAR" property="checkpeopleId" />
	    <result column="CHECK_TOTAL_ID" jdbcType="VARCHAR" property="checkTotalId" />
	    <result column="CHECK_MANNAME" jdbcType="VARCHAR" property="checkManname" />
	    <result column="CHECK_MAN_CARD" jdbcType="VARCHAR" property="checkManCard" />
	    <result column="MAN_TYPE" jdbcType="VARCHAR" property="manType" />
	    <result column="REMARK1" jdbcType="VARCHAR" property="remark1" />
    </collection>
  </resultMap> 
  <resultMap id="archiveMap" type="com.foxconn.entity.Archive">
    <id column="CHECKTOTAL_ID" jdbcType="VARCHAR" property="checktotalId" />
    <result column="MEAL_SELLER" jdbcType="VARCHAR" property="mealSeller" />
    <result column="FILED2" jdbcType="VARCHAR" property="arrangementNum" />
    <result column="CHECK_POINT" jdbcType="VARCHAR" property="checkPoint" />
    <result column="RESTAURANT_LOCATION" jdbcType="VARCHAR" property="restaurantLocation" />
    <result column="RESTAURANT_ID" jdbcType="VARCHAR" property="restaturantId" />
    <result column="OVEREND" jdbcType="VARCHAR" property="overend" />
    <result column="TYPE_BIG_NAME" jdbcType="VARCHAR" property="typeBigName" />
    <result column="PROBLEM_DETAIL" jdbcType="VARCHAR" property="problemDetail" />
    <result column="GRADE" jdbcType="VARCHAR" property="grade" />
    <result column="STAND_REMARK" jdbcType="VARCHAR" property="standRemark" />
    <result column="AFTER_SCORE" jdbcType="DOUBLE" property="afterScore" />
    <result column="CHECK_NATURN" jdbcType="VARCHAR" property="checkNaturn" />
    <result column="AFTER_MONEY" jdbcType="DOUBLE" property="afterMoney" />
    <result column="BEFORE_MONEY" jdbcType="DOUBLE" property="beforeMoney" />
    <result column="PROBLEM_LOCATION" jdbcType="VARCHAR" property="problemLocation" />
    <collection property="checkpeople" ofType="com.foxconn.entity.CheckPeople">
        <id column="CHECKPEOPLE_ID" jdbcType="VARCHAR" property="checkpeopleId" />
        <result column="CHECK_TOTAL_ID" jdbcType="VARCHAR" property="checkTotalId" />
        <result column="CHECK_MANNAME" jdbcType="VARCHAR" property="checkManname" />
        <result column="CHECK_MAN_CARD" jdbcType="VARCHAR" property="checkManCard" />
        <result column="MAN_TYPE" jdbcType="VARCHAR" property="manType" />
        <result column="REMARK1" jdbcType="VARCHAR" property="remark1" />
    </collection>
  </resultMap> 
  
  
  <sql id="Base_Column_List">
      ONESIG_ID,ORDER_NUMBER,NODE_NAME,UUID,FORM_CODE,SIGSTATUS,SIGIDEA,REMARK,PROXY_ID,MYSELF_SIGN
  </sql>
  <select id="findSignOffByUuid" resultType="java.lang.String">
	      SELECT  O.ONESIG_ID
	      FROM T_ONESIGNATURE O 
	      LEFT JOIN T_CHECKTOTAL T
	      ON O.FORM_CODE = T.CHECKTOTAL_ID 
	      WHERE (O.UUID = #{uuid} OR O.PROXY_ID = #{uuid} ) AND O.SIGSTATUS =#{sigstatus} AND O.MYSELF_SIGN = 'Y'  
	      AND O.ORDER_NUMBER != 1  AND T.CHECKTOTAL_ID  IS NOT NULL AND T.OVEREND !='已结案'
  </select>
  <insert id="insertOnesignature">
      INSERT INTO T_ONESIGNATURE (ORDER_NUMBER,NODE_NAME,UUID,FORM_CODE,SIGSTATUS,MYSELF_SIGN,SIGN_TIME)
      <foreach collection="tList" item="obj"   separator=" UNION ALL ">
            SELECT #{obj.orderNumber,jdbcType=INTEGER},#{obj.nodeName,jdbcType=VARCHAR},
            #{obj.uuid,jdbcType=VARCHAR},#{obj.formCode,jdbcType=VARCHAR}
            , #{obj.sigstatus,jdbcType=VARCHAR},#{obj.myselfSign,jdbcType=VARCHAR} ,#{obj.signTime,jdbcType=VARCHAR} FROM DUAL
      </foreach>
  </insert>
  <select id="selectMinOrderNumByExample" resultMap = "onesignatureMap">
      SELECT 
      <include refid="Base_Column_List"/>
      FROM T_ONESIGNATURE WHERE (UUID=#{uuid}) AND FORM_CODE = #{formCode} AND sigstatus ! = 'Y'  ORDER BY ORDER_NUMBER
  </select>
  
  <select id="selectMinOrderNumByProxyId" resultMap = "onesignatureMap">
      SELECT 
      <include refid="Base_Column_List"/>
      FROM T_ONESIGNATURE WHERE (proxy_id=#{uuid}) AND FORM_CODE = #{formCode} AND sigstatus ! = 'Y'  ORDER BY ORDER_NUMBER
  </select>
  
  <select id="selectMinOrderNumByAgen" resultMap = "onesignatureMap">
      SELECT 
      <include refid="Base_Column_List"/>
      FROM T_ONESIGNATURE WHERE PROXY_ID=#{uuid} AND FORM_CODE = #{formCode} AND ORDER_NUMBER = #{orderNumber}
  </select>

  <insert id="insertOsg" parameterType="com.foxconn.mapper.OnesignatureMapper">
      INSERT INTO T_ONESIGNATURE (ONESIG_ID,ORDER_NUMBER,NODE_NAME,UUID,FORM_CODE,SIGSTATUS,SIGIDEA,REMARK,PROXY_ID,MYSELF_SIGN,SIGN_TIME)
      <foreach collection="tList" item="obj"   separator=" UNION ALL ">
            SELECT #{obj.onesigId,jdbcType=VARCHAR},#{obj.orderNumber,jdbcType=INTEGER},#{obj.nodeName,jdbcType=VARCHAR},
            #{obj.uuid,jdbcType=VARCHAR},#{obj.formCode,jdbcType=VARCHAR},#{obj.sigstatus,jdbcType=VARCHAR},#{obj.sigidea,jdbcType=VARCHAR},
            #{obj.remark,jdbcType=VARCHAR},#{obj.proxyId,jdbcType=VARCHAR} ,#{obj.myselfSign,jdbcType=VARCHAR} ,#{obj.signTime,jdbcType=VARCHAR} FROM DUAL
      </foreach>
  </insert>
  <delete id="deleteByFormCode">
      DELETE FROM T_ONESIGNATURE WHERE FORM_CODE = #{formCode}
  </delete>
  <select id = "findSignOffByFormCode" resultType="java.util.HashMap">
        SELECT ORDER_NUMBER "orderNumber",U.USER_NAME "userName",O.NODE_NAME "nodeName",O.SIGSTATUS "sigstatus" 
        ,O.REMARK "remark",O.SIGIDEA "sigidea",O.UUID "uuid",O.SIGN_TIME "signTime",O.PROXY_ID "proxyId",MYSELF_SIGN "myselfSign"
        FROM t_onesignature O LEFT JOIN T_USER U ON O.UUID = U.UUID WHERE FORM_CODE = #{formCode} ORDER BY ORDER_NUMBER
  </select>
  
   <select id="findFormCodeSignOffByUuid" resultType="java.lang.String" parameterType="com.foxconn.entity.EndSignInfo">
      SELECT  DISTINCT   filed2
      FROM (
      SELECT
        DISTINCT   t.filed2
      FROM
          t_checktotal t
           LEFT JOIN  t_checkproblem p ON p.check_mtotal_id = t.checktotal_id
           LEFT JOIN t_checkpeople c ON c.check_total_id = t.checktotal_id
           LEFT JOIN t_onesignature o ON t.checktotal_id = o.form_code
      WHERE 
      <if test='!obj.uuid.equals("administrator")'>( O.UUID = #{obj.uuid} OR PROXY_ID = #{obj.uuid}  OR  T.MEAL_SELLER = #{obj.uuid} ) </if>
      <if test='obj.uuid.equals("administrator")'> 1 = 1</if>
      <if test='obj.firstTime != null '> <if test='obj.firstTime.length > 0'> and t.checktime > #{obj.firstTime}</if> </if>
      <if test='obj.endTime != null '> <if test='obj.endTime.length  > 0'> and #{obj.endTime} > t.checktime </if> </if>
      <if test='obj.restaurantLocation.length  > 0'> and t.restaurant_location = #{obj.restaurantLocation}</if>
      <if test='obj.mealSeller.length  > 0'> and t.meal_seller = #{obj.mealSeller}</if>
      <if test='obj.grade.length  > 0'> and p.grade = #{obj.grade}</if>
      <if test='obj.checkPoint.length  > 0'> and t.check_point = #{obj.checkPoint}</if>
      <if test='obj.standRemark.length  > 0'> 
            <if test='obj.standRemark.equals("整改")'> and p.stand_remark is not null </if>
            <if test='obj.standRemark.equals("罚款")'> and p.stand_remark is null </if>
      </if>
      <if test='obj.overEnd.length  > 0'> and t.overend = #{obj.overEnd}</if>
      AND t.overend != '结果录入' AND t.overend IS NOT NULL 
      ) ORDER BY filed2 desc
  </select>
  
  
   <select id = "findSignOffByUuidSize"  resultType="java.lang.Integer" >
      SELECT DISTINCT
	      count(form_code)
	  FROM
	      (
	          SELECT DISTINCT
	              o.form_code
	          FROM
	              t_checktotal t
	              LEFT JOIN t_checkproblem p ON p.check_mtotal_id = t.checktotal_id
	              LEFT JOIN t_checkpeople c ON c.check_total_id = t.checktotal_id
	              LEFT JOIN t_onesignature o ON t.checktotal_id = o.form_code
	          WHERE
	              <if test='!obj.uuid.equals("administrator")'>( O.UUID = #{obj.uuid} OR PROXY_ID = #{obj.uuid} OR  T.MEAL_SELLER = #{obj.uuid}  ) </if>
			      <if test='obj.uuid.equals("administrator")'> 1 = 1</if>
			      <if test='obj.firstTime.length > 0'> and t.checktime > #{obj.firstTime}</if>
			      <if test='obj.endTime.length  > 0'> and #{obj.endTime} > t.checktime </if>
			      <if test='obj.restaurantLocation.length  > 0'> and t.restaurant_location = #{obj.restaurantLocation}</if>
			      <if test='obj.mealSeller.length  > 0'> and t.meal_seller = #{obj.mealSeller}</if>
			      <if test='obj.grade.length  > 0'> and p.grade = #{obj.grade}</if>
			      <if test='obj.checkPoint.length  > 0'> and t.check_point = #{obj.checkPoint}</if>
			      <if test='obj.standRemark.length  > 0'> 
			            <if test='obj.standRemark.equals("整改")'> and p.stand_remark is not null </if>
			            <if test='obj.standRemark.equals("罚款")'> and p.stand_remark is null </if>
			      </if>
			      <if test='obj.overEnd.length  > 0'> and t.overend = #{obj.overEnd}</if>
			      AND t.overend != '结果录入' AND t.overend IS NOT NULL 
	      )
   </select> 
     <select id="getSignOffByFormCode" resultMap="archiveMap">
       SELECT
          DISTINCT
               t.filed2,
               t.checktotal_id,
               t.restaurant_id,
               t.restaurant_location,
               t.meal_seller,
               t.check_point,
               p.type_big_name,
               p.problem_detail,
               p.grade,
               c.check_manname,
               p.stand_remark,
               p.after_score,
               t.overend,
               t.check_naturn,
               p.after_money,
               p.before_money
          FROM
               t_onesignature o
               LEFT JOIN  t_checkproblem p ON p.check_mtotal_id = o.form_code
               LEFT JOIN t_checkpeople c ON c.check_total_id = o.form_code
               LEFT JOIN t_checktotal t ON t.checktotal_id = o.form_code
          WHERE t.filed2 in 
          <foreach collection="strList" item="str" separator="," open="(" close=")">
               #{str, jdbcType=VARCHAR}
          </foreach>
          ORDER BY t.filed2 desc
   </select>
  <select id="getAllSignOffByUuid" resultMap="archiveMap" parameterType="com.foxconn.entity.EndSignInfo">
      SELECT
           t.filed2,
           t.checktotal_id,
           t.restaurant_id,
           t.restaurant_location,
           t.meal_seller,
           t.check_point,
           p.type_big_name,
           p.problem_detail,
           p.grade,
           c.check_manname,
           p.stand_remark,
           p.after_score,
           t.overend,
           t.check_naturn,
           p.after_money,
           p.before_money,
           p.problem_location
      FROM
           t_checktotal t
           LEFT JOIN  t_checkproblem p ON p.check_mtotal_id = t.checktotal_id
           LEFT JOIN t_checkpeople c ON c.check_total_id = t.checktotal_id
           LEFT JOIN t_onesignature o ON t.checktotal_id = o.form_code
      WHERE 
      <if test='!obj.uuid.equals("administrator")'>( O.UUID = #{obj.uuid} OR PROXY_ID = #{obj.uuid} OR  T.MEAL_SELLER = #{obj.uuid}  ) </if>
      <if test='obj.uuid.equals("administrator")'> 1 = 1</if>
         <!-- AND ( SIGSTATUS = 'Y' OR SIGSTATUS = 'Z') -->
      <if test='obj.firstTime.length > 0'> and t.checktime > #{obj.firstTime}</if>
      <if test='obj.endTime.length  > 0'> and #{obj.endTime} > t.checktime </if>
      <if test='obj.restaurantLocation.length  > 0'> and t.restaurant_location = #{obj.restaurantLocation}</if>
      <if test='obj.mealSeller.length  > 0'> and t.meal_seller = #{obj.mealSeller}</if>
      <if test='obj.grade.length  > 0'> and p.grade = #{obj.grade}</if>
      <if test='obj.checkPoint.length  > 0'> and t.check_point = #{obj.checkPoint}</if>
      <if test='obj.standRemark.length  > 0'> 
            <if test='obj.standRemark.equals("整改")'> and p.stand_remark is not null </if>
            <if test='obj.standRemark.equals("罚款")'> and p.stand_remark is null </if>
      </if>
      <if test='obj.overEnd.length  > 0'> and t.overend = #{obj.overEnd}</if>
      AND t.overend != '结果录入'  AND t.overend IS NOT NULL
      ORDER BY t.filed2 desc
  </select>
  
  <select id="getSignOff" resultMap="SignOffInfoMap">
      SELECT DISTINCT O.FORM_CODE ,C.MEAL_SELLER,C.FILED2 ,C.CHECKTIME ,C.CHECK_POINT ,
      P.CHECK_MANNAME ,C.RESTAURANT_LOCATION ,C.RESTAURANT_ID
      FROM T_ONESIGNATURE O LEFT JOIN T_USER U ON O.UUID = U.UUID LEFT JOIN T_CHECKTOTAL C ON O.FORM_CODE = CHECKTOTAL_ID
      LEFT JOIN T_CHECKPEOPLE P ON O.FORM_CODE = P.CHECK_TOTAL_ID
      WHERE O.ONESIG_ID IN
      <foreach collection="strList" item="str" separator="," open="(" close=")">
             #{str, jdbcType=VARCHAR}
      </foreach>
  </select>
  
  <update id = "updateOnesignature">
      UPDATE T_ONESIGNATURE SET PROXY_ID = #{proxyId} WHERE UUID = #{uuid} AND SIGSTATUS = #{sigstatus} 
  </update>
  
  <select id = "selectByUuid" resultMap = "onesignatureMap">
      SELECT 
      <include refid="Base_Column_List"/>
      FROM T_ONESIGNATURE WHERE ( PROXY_ID = #{uuid} OR UUID = #{uuid})  AND FORM_CODE = #{formCode} ORDER BY ORDER_NUMBER
  </select>
  
  <select id = "selectAllUser" resultType = "java.util.HashMap">
      SELECT 
      T.USER_NAME,
      O.FORM_CODE,
      O.SIGSTATUS,
      O.MYSELF_SIGN
      FROM T_ONESIGNATURE  O LEFT JOIN T_USER T ON O.UUID = T.UUID
  </select>
  
  <select id = "selectOnesignatureInfo" resultMap="archiveMap" >
       SELECT
           t.filed2,
           t.checktotal_id,
           t.restaurant_id,
           t.restaurant_location,
           t.meal_seller,
           t.check_point,
           p.type_big_name,
           p.problem_detail,
           p.grade,
           c.check_manname,
           p.stand_remark,
           p.after_score,
           t.overend,
           t.check_naturn,
           p.after_money,
           p.before_money,
           p.problem_location
      FROM
           t_checktotal t
           LEFT JOIN  t_checkproblem p ON p.check_mtotal_id = t.checktotal_id
           LEFT JOIN t_checkpeople c ON c.check_total_id = t.checktotal_id
           LEFT JOIN t_onesignature o ON t.checktotal_id = o.form_code
      WHERE (  O.UUID = #{uuid} OR PROXY_ID = #{uuid} )
      AND O.FORM_CODE = #{formCode}
  </select>
  
  <select id="ListStallChangeFile"  resultType="java.util.HashMap">
		SELECT DISTINCT
		id_Card,
		CATERER_NAME,
		RESTAURANT_LOCATION,
		RESTAURANT_PRINCIPAL,
		SLOGAN,
		SLOGAN_NAME,
		SLOGAN_PRINCIPAL,
		TIME,
		APPLICATION_TYPE,
		LEVER,
		APPLICANTS,
		STATUS,
		SERIAL_NUM
		FROM ( SELECT
		    s.id_card,
		    TO_CHAR(s.application_time,'yyyy/mm/dd') "TIME",
		    S.CATERER_NAME,
		    S.RESTAURANT_LOCATION,
		    S.RESTAURANT_PRINCIPAL,
		    S.SLOGAN,
		    S.SLOGAN_NAME,
		    S.SLOGAN_PRINCIPAL,
		    S.APPLICATION_TYPE,
		    S.LEVER,
		    S.APPLICANTS,
		    S.STATUS,
		    S.SERIAL_NUM
		FROM
		    t_stall_change s
		    LEFT JOIN t_onesignature o ON o.form_code = s.id_card
		WHERE
          <if test='!uuid.equals("administrator")'>
          ( O.UUID = #{uuid} OR O.PROXY_ID = #{uuid} OR S.CATERER_NAME = #{uuid} )
           </if>
          <if test='uuid.equals("administrator")'> 1 = 1</if>
       <!--    AND ( O.SIGSTATUS = 'Y' OR O.SIGSTATUS = 'Z' ) -->
          <if test='startDate != null'> <if test='startDate.length  > 0'> AND S.APPLICATION_TIME >= TO_DATE(#{startDate},'YYYY/MM/DD')</if></if> 
          <if test='endDate != null'> <if test='endDate.length > 0'> AND TO_DATE(#{endDate}||' 23:59:59','YYYY/MM/DD hh24:mi:ss') >= S.APPLICATION_TIME  </if></if>
          <if test='status != null'> <if test='status.length  > 0'> AND S.STATUS = #{status}</if></if>
          <if test='catererName != null'> <if test='catererName.length  > 0'> AND S.CATERER_NAME = #{catererName}</if></if>
          <if test='applicationType != null'> <if test='applicationType.length  > 0'> AND S.APPLICATION_TYPE = #{applicationType}</if></if>
          <if test='restaurantLocation != null'> <if test='restaurantLocation.length  > 0'> AND S.RESTAURANT_LOCATION = #{restaurantLocation}</if></if>
          ORDER BY S.SERIAL_NUM DESC)
  </select>

  <select id="ListDealerFile" resultType="java.util.HashMap">
          SELECT DISTINCT 
			id_card,
			serial_num,
			caterer_name,
			time,
			applicants,
			status, 
			dealer_name,
			LICENSE_DATE,
			SERIAL_NUMBER
          FROM (
	         SELECT  
	         s.id_card,
		     s.serial_num,
		     s.caterer_name,
		     TO_CHAR(s.application_time,'yyyy/mm/dd') "TIME",
		     s.applicants,
		     s.status,
		     s.dealer_name,
		     TO_CHAR(s.LICENSE_DATE,'yyyy/mm/dd') "LICENSE_DATE",
		     s.SERIAL_NUMBER
	         FROM  t_dealer S LEFT JOIN T_ONESIGNATURE O ON O.FORM_CODE = S.ID_CARD
	         WHERE
	         <if test='!uuid.equals("administrator")'>
	         ( O.UUID = #{uuid} OR O.PROXY_ID = #{uuid} OR S.CATERER_NAME = #{uuid} )
	         </if>
	         <if test='uuid.equals("administrator")'> 1 = 1</if>
	      <!--    AND ( O.SIGSTATUS = 'Y' OR O.SIGSTATUS = 'Z' ) -->
	         <if test='startDate != null'> <if test='startDate.length  > 0'> AND S.APPLICATION_TIME >= TO_DATE(#{startDate},'YYYY/MM/DD')</if></if> 
	         <if test='endDate != null'> <if test='endDate.length > 0'> AND TO_DATE(#{endDate}||' 23:59:59','YYYY/MM/DD hh24:mi:ss') >= S.APPLICATION_TIME  </if></if>
	         <if test='status != null'> <if test='status.length  > 0'> AND S.STATUS = #{status}</if></if>
	         <if test='catererName != null'> <if test='catererName.length  > 0'> AND S.CATERER_NAME = #{catererName}</if></if>
	         <if test='dealer != null'> <if test='dealer.length  > 0'> AND S.DEALER_NAME = #{dealer}</if></if>
	         ORDER BY S.SERIAL_NUM DESC
          )
  </select>
  
<!--   <select id="ioReader" resultType="com.foxconn.entity.Onesignature" fetchSize="100" resultSetType="FORWARD_ONLY">
        select * from t_onesignature        
  </select> -->
  
  <!--  String [] title = {"餐飲廠商","生產商","经销商","品名","品牌","申請日期","簽核狀態"}; -->
  <select id="ListFoodQualifictionFile" resultType="java.util.HashMap">
		SELECT DISTINCT
		id_Card,
		CATERER_NAME,
		MANUFACTURER,
		DEALER,
		LARGE_CATEGORIES,
		SUBCATEGORY,
		BRAND,
		PRODUCT_NAME,
		SPECIFICATIONS,
		GRADE,
		"dealerLicenseDate",
		"dealerSerialNumber",
		LICENSE_DATE,
		SERIAL_NUMBER,
		PRODUCT_INSPECTION,
		TIME,
		APPLICANTS,
		STATUS,
		SERIAL_NUM
		 FROM
		     (
         SELECT
            s.id_Card,
            S.CATERER_NAME,
            S.MANUFACTURER,
            S.DEALER,
            S.LARGE_CATEGORIES,
            S.SUBCATEGORY,
            S.BRAND,
            S.PRODUCT_NAME,
            S.SPECIFICATIONS,
            S.GRADE,
            TO_CHAR( s.LICENSE_DATE,'yyyy/mm/dd')  "LICENSE_DATE",
            S.SERIAL_NUMBER,
            TO_CHAR(S.PRODUCT_INSPECTION,'yyyy/mm/dd') "PRODUCT_INSPECTION",
            S.APPLICANTS,
            S.STATUS,
            S.SERIAL_NUM,
            TO_CHAR(s.application_time,'yyyy/mm/dd') "TIME",
            TO_CHAR( d.LICENSE_DATE,'yyyy/mm/dd')  "dealerLicenseDate",
             d.SERIAL_NUMBER "dealerSerialNumber"
         FROM
             t_food_qualification s
             LEFT JOIN t_onesignature o ON o.form_code = s.id_card 
             LEFT JOIN T_DEALER D ON D.CATERER_NAME = s.CATERER_NAME and d.DEALER_NAME = s.DEALER
         WHERE
          <if test='!uuid.equals("administrator")'>
          ( O.UUID = #{uuid} OR O.PROXY_ID = #{uuid} OR S.CATERER_NAME = #{uuid} )
          </if>
          <if test='uuid.equals("administrator")'> 1 = 1</if>
<!--           AND ( O.SIGSTATUS = 'Y' OR O.SIGSTATUS = 'Z' ) -->
          <if test='startDate != null'> <if test='startDate.length  > 0'> AND S.APPLICATION_TIME >= TO_DATE(#{startDate},'YYYY/MM/DD')</if></if> 
          <if test='endDate != null'> <if test='endDate.length > 0'> AND TO_DATE(#{endDate}||' 23:59:59','YYYY/MM/DD hh24:mi:ss') >= S.APPLICATION_TIME  </if></if>
          <if test='status != null'> <if test='status.length  > 0'> AND S.STATUS = #{status}</if></if>
          <if test='catererName != null'> <if test='catererName.length  > 0'> AND S.CATERER_NAME = #{catererName}</if></if>
          <if test='brand != null'> <if test='brand.length  > 0'> AND S.brand = #{brand}</if></if>
          <if test='productName != null'> <if test='productName.length  > 0'> AND S.PRODUCT_NAME = #{productName}</if></if>
          ORDER BY S.SERIAL_NUM DESC)
  </select>
  
  <update id = "updateByOnesignature" parameterType="com.foxconn.entity.Onesignature">
         UPDATE T_ONESIGNATURE SET SIGSTATUS = #{obj.sigstatus} , SIGIDEA = #{obj.sigidea} , REMARK = #{obj.remark} ,SIGN_TIME = #{obj.signTime}
         , MYSELF_SIGN =#{obj.myselfSign} WHERE ONESIG_ID = #{obj.onesigId}
  </update>
  <!-- 通過表單id 統計歷史簽核的次數 -->
  <select id="countHistoryFrequency" resultType="java.lang.Integer">
        SELECT COUNT(FREQUENCY) FROM T_HISTORY_ONESIGNATURE WHERE FORM_CODE = #{formCode}
  </select>
  
  <!-- 插入歷史簽核流程數據 -->
  <insert id="insertHistoryOnesignature" parameterType="com.foxconn.entity.Onesignature">
        INSERT INTO T_HISTORY_ONESIGNATURE (ORDER_NUMBER,NODE_NAME,UUID,FORM_CODE,SIGSTATUS,SIGIDEA,REMARK,PROXY_ID,SIGN_TIME,FREQUENCY)
        <foreach collection="tList" item="obj"   separator="UNION ALL">
            SELECT  #{obj.orderNumber,jdbcType=INTEGER},#{obj.nodeName,jdbcType=VARCHAR},#{obj.uuid,jdbcType=VARCHAR},#{obj.formCode,jdbcType=VARCHAR}
            ,#{obj.sigstatus,jdbcType=VARCHAR}
            ,#{obj.sigidea,jdbcType=VARCHAR},#{obj.remark,jdbcType=VARCHAR},#{obj.proxyId,jdbcType=VARCHAR}
            ,#{obj.signTime,jdbcType=VARCHAR} ,#{frequency,jdbcType=INTEGER}
            FROM DUAL
        </foreach>
  </insert>
  
  <update id="updateHistoryOnesignature" >
        UPDATE T_HISTORY_ONESIGNATURE SET SIGIDEA = #{sigIdea},REMARK = '已驳回！',SIGN_TIME = #{time} WHERE FORM_CODE = #{formCode} AND FREQUENCY = #{frequency} AND ORDER_NUMBER = #{thisOrderNumber}
  </update>
  
  <select id="listHistoryOnesignature" resultType="java.util.HashMap">
        SELECT ORDER_NUMBER "orderNumber",U.USER_NAME "userName",O.NODE_NAME "nodeName",O.SIGSTATUS "sigstatus" 
        ,O.REMARK "remark",O.SIGIDEA "sigidea",O.UUID "uuid",O.SIGN_TIME "signTime",O.PROXY_ID "proxyId",FREQUENCY
        FROM T_HISTORY_ONESIGNATURE O LEFT JOIN T_USER U ON O.UUID = U.UUID WHERE FORM_CODE = #{formCode} ORDER BY FREQUENCY,ORDER_NUMBER
  </select>
</mapper>