<?xml version="1.0" encoding="UTF-8"?>
<!DOCTYPE mapper PUBLIC "-//mybatis.org//DTD Mapper 3.0//EN" "http://mybatis.org/dtd/mybatis-3-mapper.dtd">
<mapper namespace="com.foxconn.mapper.SignatureMapper">
  <resultMap id="signaturetMap" type="com.foxconn.entity.Signature">
    <id column="SIG_ID" jdbcType="VARCHAR" property="sigId" />
    <result column="UUID" jdbcType="VARCHAR" property="uuid" />
    <result column="ORDER_NUMBER" jdbcType="VARCHAR" property="orderNumber" />
    <result column="NODE_NAME" jdbcType="VARCHAR" property="nodeName" />
    <result column="TOLSIG_ID" jdbcType="VARCHAR" property="tolsigId" />
    <result column="REMARK" jdbcType="VARCHAR" property="remark" />
     <result column="CANDIDATE" jdbcType="VARCHAR" property="candidate" />
  </resultMap>
  <sql id="Base_Column_List">
     SIG_ID,ORDER_NUMBER,NODE_NAME,UUID,TOLSIG_ID,CANDIDATE,REMARK
  </sql>
  <select id = "selectByTolsigId" resultType="java.util.HashMap">
      SELECT
      S.SIG_ID,S.ORDER_NUMBER,S.NODE_NAME,S.UUID,S.TOLSIG_ID,S.CANDIDATE,S.REMARK,U.USER_NAME 
      FROM T_SIGNATURE S LEFT JOIN T_USER U ON S.UUID =U.UUID WHERE TOLSIG_ID = #{tolsigId} ORDER BY ORDER_NUMBER,CANDIDATE
  </select>
</mapper>