<?xml version="1.0" encoding="UTF-8"?>
<!DOCTYPE mapper PUBLIC "-//mybatis.org//DTD Mapper 3.0//EN" "http://mybatis.org/dtd/mybatis-3-mapper.dtd">
<mapper namespace="com.foxconn.mapper.TotalsignatureMapper">
  <resultMap id="signaturetMap" type="com.foxconn.entity.Totalsignature">
    <id column="TOLSIG_ID" jdbcType="VARCHAR" property="tolsigId" />
    <result column="UUID" jdbcType="VARCHAR" property="uuid" />
    <result column="SIGNATURE_NAME" jdbcType="VARCHAR" property="signatureName" />
    <result column="CREATETIME" jdbcType="DATE" property="createtime" />
    <result column="STATUS" jdbcType="VARCHAR" property="status" />
    <result column="REMARK" jdbcType="VARCHAR" property="remark" />
  </resultMap>
  <sql id="Base_Column_List">
      TOLSIG_ID,UUID,SIGNATURE_NAME,CREATETIME,STATUS,REMARK
  </sql>
  <select id = "findAll" resultMap="signaturetMap">
      SELECT
      <include refid="Base_Column_List" />
      FROM T_TOTALSIGNATURE 
  </select>
  <select id = "findByExample" resultMap="signaturetMap">
      SELECT
      <include refid="Base_Column_List" />
      FROM T_TOTALSIGNATURE WHERE SIGNATURE_NAME LIKE '%'||#{signatureName}||'%'
  </select>
  <select id="getTotalsignature" resultType="java.util.HashMap">
      SELECT TOLSIG_ID "tolsigId",SIGNATURE_NAME "signatrueName" FROM T_TOTALSIGNATURE WHERE STATUS = '1'
  </select>
</mapper>