<?xml version="1.0" encoding="UTF-8"?>
<!DOCTYPE mapper PUBLIC "-//mybatis.org//DTD Mapper 3.0//EN" "http://mybatis.org/dtd/mybatis-3-mapper.dtd">
<mapper namespace="com.foxconn.mapper.JSDetailMapper">
  <resultMap id="BaseResultMap" type="com.foxconn.entity.JSDetail">
    <id column="JS_ID" jdbcType="VARCHAR" property="jsId" />
    <result column="bu" jdbcType="VARCHAR" property="bu" />
    <result column="TRADE_TYPE" jdbcType="VARCHAR" property="tradeType" />
    <result column="FORM_HEAD" jdbcType="VARCHAR" property="formHead" />
    <result column="CHANGSHANG_CODE" jdbcType="VARCHAR" property="changshangCode" />
    <result column="CHANGSHANG_NAME" jdbcType="VARCHAR" property="changshangName" />
    <result column="HH_VENDOR_CODE" jdbcType="VARCHAR" property="hhVendorCode" />
    <result column="STOCKIN_CODE" jdbcType="VARCHAR" property="stockinCode" />
    <result column="STOCKIN_TIME" jdbcType="VARCHAR" property="stockinTime" />
    <result column="PRUCHASE_CODE" jdbcType="VARCHAR" property="pruchaseCode" />
    <result column="MATERIEL" jdbcType="VARCHAR" property="materiel" />
    <result column="UNIT" jdbcType="VARCHAR" property="unit" />
    <result column="UNSETTLED_NUM" jdbcType="DECIMAL" property="unsettledNum" />
    <result column="CURRENCY" jdbcType="VARCHAR" property="currency" />
    <result column="PO_PRICE" jdbcType="DECIMAL" property="poPrice" />
    <result column="STOCKIN_MONEY" jdbcType="DECIMAL" property="stockinMoney" />
    <result column="ACTUAL_PRICE" jdbcType="DECIMAL" property="actualPrice" />
    <result column="AP_PRICE" jdbcType="DECIMAL" property="apPrice" />
    <result column="ACTION" jdbcType="VARCHAR" property="action" />
    <result column="EFFECTIVE_DATE" jdbcType="VARCHAR" property="effectiveDate" />
    <result column="EFFECTIVE_WAY" jdbcType="VARCHAR" property="effectiveWay" />
    <result column="HH_PAYCONDITION" jdbcType="VARCHAR" property="hhPaycondition" />
    <result column="HFJ_PAYCONDITION" jdbcType="VARCHAR" property="hfjPaycondition" />
    <result column="PO_PAYCONDITION" jdbcType="VARCHAR" property="poPaycondition" />
   <!--  <result column="MADEIN" jdbcType="VARCHAR" property="madein" /> -->
    <result column="AP_DRI" jdbcType="VARCHAR" property="apDri" />
    <result column="BILL_CODE" jdbcType="VARCHAR" property="billCode" />
    <result column="BILL_DATE" jdbcType="VARCHAR" property="billDate" />
    <result column="BILL_PRICE" jdbcType="VARCHAR" property="billPrice" />
    <result column="BILL_MONEY" jdbcType="VARCHAR" property="billMoney" />
    <result column="WAITCUTPAY" jdbcType="VARCHAR" property="waitcutpay" />
    <result column="PAY_DATE" jdbcType="VARCHAR" property="payDate" />
    <result column="URGENT" jdbcType="VARCHAR" property="urgent" />
    
    <result column="jb_code" jdbcType="VARCHAR" property="jbCode" />
    <result column="match_Type" jdbcType="VARCHAR" property="matchType" />
    <result column="jbdri" jdbcType="VARCHAR" property="jbdri" />
    <result column="jbtime" jdbcType="VARCHAR" property="jbtime" />
    <result column="writetime" jdbcType="VARCHAR" property="writetime" />
    <result column="free" jdbcType="VARCHAR" property="free" />
    <result column="TC_OK" jdbcType="VARCHAR" property="tcOk" />
  </resultMap>
  <sql id="Base_Column_List">
    JS_ID, bu, TRADE_TYPE, FORM_HEAD, CHANGSHANG_CODE, CHANGSHANG_NAME, HH_VENDOR_CODE, STOCKIN_CODE, 
    STOCKIN_TIME, PRUCHASE_CODE, MATERIEL, UNIT, UNSETTLED_NUM, CURRENCY, PO_PRICE, STOCKIN_MONEY, 
    ACTUAL_PRICE, AP_PRICE, ACTION, EFFECTIVE_DATE, EFFECTIVE_WAY, HH_PAYCONDITION, HFJ_PAYCONDITION, 
    PO_PAYCONDITION,AP_DRI,free, BILL_CODE, BILL_DATE, BILL_PRICE, BILL_MONEY, WAITCUTPAY, 
    PAY_DATE, URGENT, jb_code, match_Type,jbdri,jbtime,writetime,TC_OK
  </sql>
  
  <insert id="addJSList">
        insert into T_JSTABLE 
        (bu, TRADE_TYPE, FORM_HEAD, CHANGSHANG_CODE, CHANGSHANG_NAME, HH_VENDOR_CODE, STOCKIN_CODE, 
    STOCKIN_TIME, PRUCHASE_CODE, MATERIEL, UNIT, UNSETTLED_NUM, CURRENCY, PO_PRICE, STOCKIN_MONEY, 
    ACTUAL_PRICE, AP_PRICE, ACTION, EFFECTIVE_DATE, EFFECTIVE_WAY, HH_PAYCONDITION, HFJ_PAYCONDITION, 
    PO_PAYCONDITION,AP_DRI,free, BILL_CODE, BILL_DATE, BILL_PRICE, BILL_MONEY, WAITCUTPAY, 
    PAY_DATE, URGENT, jb_code, match_Type,jbdri,jbtime,writetime)
        
        <foreach item='item' index='index' collection='JSList' separator=' union all '>
	        select
	        <foreach item='name' index='index' collection='field' separator=','>
	            <choose>
		            <when test="name == 'unsettledNum' or name == 'poPrice' or name == 'stockinMoney' or name == 'actualPrice' or name == 'apPrice' ">
		                 #{item.${name}, jdbcType=NUMERIC}
		            </when>
		            <otherwise>
		                 #{item.${name}, jdbcType=VARCHAR}
		            </otherwise>
		        </choose>
	        </foreach>
	        from dual
        </foreach>
    </insert>
    
    
	  <select id="findByGRNCode" resultMap="BaseResultMap">
	  	select
	  	<include refid="Base_Column_List" />
	  	from T_JSTABLE
	  	where 1 = 1 
	  	<if test="gRNList != null and gRNList.size() != 0">
	  	and STOCKIN_CODE in (
	  		 <foreach item='item' index='index' collection='gRNList' separator=','>
	            #{item}
	        </foreach>
	        )
	  	</if>
	  </select>
	  
	  
	  <update id="updateJSDetailJieBaoCode">
		  update T_JSTABLE set jb_code = #{JieBaoCode}, jbDRI = #{dri}, jbTIME = #{finalReportTime} where JS_ID = #{id}
	  </update>
  
  
  <select id="listDataByJbTime" resultMap="BaseResultMap">
  	select 
    <include refid="Base_Column_List" />
    from T_JSTABLE where jbTIME &gt;= #{startTime} and jbTIME &lt;= #{endTime} order by bu,js_id
  </select>
  <select id="listDataByWritetime" resultMap="BaseResultMap">
  	select 
    <include refid="Base_Column_List" />
    from T_JSTABLE where writetime &gt;= #{startTime} and writetime &lt;= #{endTime} order by bu,js_id
  </select>
  
 <!--  <select id="getWritetime" resultType="java.lang.String">
  	select distinct writetime from T_JSTABLE ORDER BY writetime
  </select> -->
  
  <select id="getHasNoJbCode" resultMap="BaseResultMap">
  	SELECT <include refid="Base_Column_List" /> FROM t_jstable where jb_Code is null and TC_OK is null
  </select>
  <select id="listNeedRewriteJieBaoCode" resultMap="BaseResultMap">
  	SELECT <include refid="Base_Column_List" /> FROM t_jstable where jb_Code like '%'||#{excludeVal,jdbcType=VARCHAR}||'%' 
  </select>
  <select id="listJstableNoMs" resultMap="BaseResultMap">
  	SELECT <include refid="Base_Column_List" /> FROM t_jstable where MS_EXCHANGE_RATE is null 
  </select>
  <select id="listMS_LHdata" resultMap="BaseResultMap">
  	SELECT <include refid="Base_Column_List" /> FROM t_jstable where writetime &gt;= #{startTime} and writetime &lt;= #{endTime} and 
  	MS_EXCHANGE_RATE is not null
  </select>

	<update id="updateJStableByGrnList">
	    update t_jstable set TC_OK = 'TCOK' where STOCKIN_CODE in (
	    	<foreach item='name' index='index' collection='oKListgrn' separator=','>
	    	#{name}
	    	</foreach>
	    )
    </update>
	<update id="updateHasCheck">
	    update t_jstable set hascheck = 'Y' where STOCKIN_CODE in (
	    	<foreach item='name' index='index' collection='stockInCodeList' separator=','>
	    	#{name}
	    	</foreach>
	    )
    </update>
	<!-- <update id="updateJs">
	    <foreach collection="list" item="temp" index="index" open="begin" close=";end;" separator=";">
		  update t_jstable set 
		  <if test="temp.msAcPrice != null">
	          ms_Ac_Price = #{temp.msAcPrice},
	      </if>
		  <if test="temp.msApPrice != null">
			  ms_Ap_Price = #{temp.msApPrice},
	      </if>
		  <if test="temp.msEffectivedate != null">
		 	  ms_Effectivedate = #{temp.msEffectivedate},
	      </if>
		  	  ms_Exchange_Rate = #{temp.msExchangeRate,jdbcType=VARCHAR}
		   where js_Id = #{temp.jsId}
		  </foreach>
    </update> -->

</mapper>