<?xml version="1.0" encoding="UTF-8"?>
<!DOCTYPE mapper PUBLIC "-//mybatis.org//DTD Mapper 3.0//EN" "http://mybatis.org/dtd/mybatis-3-mapper.dtd">
<mapper namespace="com.foxconn.mapper.LH_TCDetailsMapper">
  <resultMap id="BaseResultMap" type="com.foxconn.entity.LH_TCDetails">
    <id column="LH_ID" jdbcType="VARCHAR" property="lhId" />
    <result column="BU" jdbcType="VARCHAR" property="bu" />
    <result column="TRADE_TYPE" jdbcType="VARCHAR" property="tradeType" />
    <result column="FORM_HEAD" jdbcType="VARCHAR" property="formHead" />
    <result column="CHANGSHANG_CODE" jdbcType="VARCHAR" property="changshangCode" />
    <result column="CHANGSHANG_NAME" jdbcType="VARCHAR" property="changshangName" />
    <result column="HH_VENDOR_CODE" jdbcType="VARCHAR" property="hhVendorCode" />
    <result column="STOCKIN_CODE" jdbcType="VARCHAR" property="stockinCode" />
    <result column="STOCKIN_TIME" jdbcType="VARCHAR" property="stockinTime" />
    <result column="PRUCHASE_CODE" jdbcType="VARCHAR" property="pruchaseCode" />
    <result column="MATERIEL" jdbcType="VARCHAR" property="materiel" />
    <result column="UNIT" jdbcType="VARCHAR" property="unit" />
    <result column="UNSETTLED_NUM" jdbcType="VARCHAR" property="unsettledNum" />
    <result column="CURRENCY" jdbcType="VARCHAR" property="currency" />
    <result column="PO_PRICE" jdbcType="VARCHAR" property="poPrice" />
    <result column="STOCKIN_MONEY" jdbcType="VARCHAR" property="stockinMoney" />
    <result column="ACTUAL_PRICE" jdbcType="VARCHAR" property="actualPrice" />
    <result column="AP_PRICE" jdbcType="VARCHAR" property="apPrice" />
    <result column="AC_PRICE2" jdbcType="VARCHAR" property="acPrice2" />
    <result column="AP_PRICE2" jdbcType="VARCHAR" property="apPrice2" />
    <result column="ACTION" jdbcType="VARCHAR" property="action" />
    <result column="EFFECTIVE_DATE" jdbcType="VARCHAR" property="effectiveDate" />
    <result column="EFFECTIVE_WAY" jdbcType="VARCHAR" property="effectiveWay" />
    <result column="HH_PAYCONDITION" jdbcType="VARCHAR" property="hhPaycondition" />
    <result column="HFJ_PAYCONDITION" jdbcType="VARCHAR" property="hfjPaycondition" />
    <result column="PO_PAYCONDITION" jdbcType="VARCHAR" property="poPaycondition" />
    <result column="AP_DRI" jdbcType="VARCHAR" property="apDri" />
    <result column="WRITETIME" jdbcType="VARCHAR" property="writetime" />
    <result column="PURCHASE_DATE" jdbcType="VARCHAR" property="purchaseDate" />
    <result column="TC_EFFECTIVE_WAY" jdbcType="VARCHAR" property="tcEffectiveWay" />
    <result column="TC_EFFECTIVE_DATE" jdbcType="VARCHAR" property="tcEffectiveDate" />
    <result column="TC_EXPIRE_DATE" jdbcType="VARCHAR" property="tcExpireDate" />
    <result column="TC_AP_PRICE" jdbcType="VARCHAR" property="tcApPrice" />
    <result column="TC_AC_PRICE" jdbcType="VARCHAR" property="tcAcPrice" />
    <result column="TC_APPLE_PRICE" jdbcType="VARCHAR" property="tcApplePrice" />
    <result column="TC_ACTION" jdbcType="VARCHAR" property="tcAction" />
    <result column="TC_PAYMENT_TERM" jdbcType="VARCHAR" property="tcPaymentTerm" />
    <result column="TC_UP_DRI" jdbcType="VARCHAR" property="tcUpDri" />
    <result column="MS_AC_PRICE" jdbcType="VARCHAR" property="msAcPrice" />
    <result column="MS_AP_PRICE" jdbcType="VARCHAR" property="msApPrice" />
    <result column="MS_EFFECTIVEDATE" jdbcType="VARCHAR" property="msEffectivedate" />
    <result column="MS_EXCHANGE_RATE" jdbcType="VARCHAR" property="msExchangeRate" />
    <result column="TC_OK" jdbcType="VARCHAR" property="tcOk" />
    <result column="bill_Code" jdbcType="VARCHAR" property="billCode" />
    <result column="bill_Date" jdbcType="VARCHAR" property="billDate" />
    <result column="bill_Price" jdbcType="VARCHAR" property="billPrice" />
    <result column="bill_Money" jdbcType="VARCHAR" property="billMoney" />
    <result column="pay_Date" jdbcType="VARCHAR" property="payDate" />
    <result column="urgent" jdbcType="VARCHAR" property="urgent" />
    <result column="jb_Code" jdbcType="VARCHAR" property="jbCode" />
    <result column="jbtime" jdbcType="VARCHAR" property="jbtime" />
    <result column="po_Minus_Bill" jdbcType="VARCHAR" property="poMinusBill" />
    <result column="bill_Minus_Ap" jdbcType="VARCHAR" property="billMinusAp" />
    <result column="ap_Minus_Ac" jdbcType="VARCHAR" property="apMinusAc" />
    <result column="ap_Minus_Apple" jdbcType="VARCHAR" property="apMinusApple" />
    <result column="payday_Minus_Yingpayday" jdbcType="VARCHAR" property="paydayMinusYingpayday" />
    <result column="check_Man" jdbcType="VARCHAR" property="checkMan" />
    <result column="check_Time" jdbcType="VARCHAR" property="checkTime" />
    <result column="check_Pass" jdbcType="VARCHAR" property="checkPass" />
    <result column="free" jdbcType="VARCHAR" property="free" />
  </resultMap>
  
  <sql id="Base_Column_List">
    LH_ID, BU, TRADE_TYPE, FORM_HEAD, CHANGSHANG_CODE, CHANGSHANG_NAME, HH_VENDOR_CODE, 
    STOCKIN_CODE, STOCKIN_TIME, PRUCHASE_CODE, MATERIEL, UNIT, UNSETTLED_NUM, CURRENCY, 
    PO_PRICE, STOCKIN_MONEY, ACTUAL_PRICE, AP_PRICE,AC_PRICE2,AP_PRICE2, ACTION, EFFECTIVE_DATE, EFFECTIVE_WAY, 
    HH_PAYCONDITION, HFJ_PAYCONDITION, PO_PAYCONDITION, AP_DRI,WRITETIME, PURCHASE_DATE, 
    TC_EFFECTIVE_WAY, TC_EFFECTIVE_DATE, TC_EXPIRE_DATE, TC_AP_PRICE, TC_AC_PRICE, TC_APPLE_PRICE, 
    TC_ACTION, TC_PAYMENT_TERM, TC_UP_DRI, TC_OK,
    bill_Code,bill_Date,bill_Price,bill_Money,pay_Date,urgent,jb_Code,jbtime,po_Minus_Bill,bill_Minus_Ap,ap_Minus_Ac,
    ap_Minus_Apple,payday_Minus_Yingpayday,check_Man,check_Time,check_Pass,free,MS_AC_PRICE,MS_AP_PRICE,
    MS_EFFECTIVEDATE,MS_EXCHANGE_RATE
  </sql>
  
  <select id="getLHFromJStable" resultMap="BaseResultMap">
  select <include refid="Base_Column_List" /> from t_jstable where jb_code is not null and free is null and TC_OK is null
  </select>
  
  <update id="updateLH_TClist">
		  <foreach collection="lh_tcList" item="temp" index="index" open="begin" close=";end;" separator=";">
		  update t_lh_tcresult set 
		  <if test="temp.acPrice2 != null">
	          AC_PRICE2 = #{temp.acPrice2},
	      </if>
		  <if test="temp.apPrice2 != null">
			  AP_PRICE2 = #{temp.apPrice2},
	      </if>
		  <if test="temp.billCode != null">
		 	  bill_Code = #{temp.billCode},
	      </if>
		  <if test="temp.billDate != null">
		 	  bill_Date = #{temp.billDate}, 
	      </if>
		  <if test="temp.billPrice != null">
		 	  bill_Price = #{temp.billPrice},
	      </if>
		  <if test="temp.billMoney != null">
			  bill_Money = #{temp.billMoney}, 
	      </if>
		  <if test="temp.payDate != null">
		  	  pay_Date = #{temp.payDate},
	      </if>
		  <if test="temp.urgent != null">
			  urgent = #{temp.urgent}, 
	      </if>
		  <if test="temp.jbCode != null">
		  	  jb_Code = #{temp.jbCode},
	      </if>
		  <if test="temp.jbtime != null">
		  	  jbtime = #{temp.jbtime},
	      </if>
		  <if test="temp.poMinusBill != null">
		  	  po_Minus_Bill = #{temp.poMinusBill},
	      </if>
		  <if test="temp.billMinusAp != null">
		  	  bill_Minus_Ap = #{temp.billMinusAp},
	      </if>
		  <if test="temp.apMinusAc != null">
		  	  ap_Minus_Ac = #{temp.apMinusAc},
	      </if>
		  <if test="temp.apMinusApple != null">
		 	  ap_Minus_Apple = #{temp.apMinusApple},
	      </if>
		  	  payday_Minus_Yingpayday = #{temp.paydayMinusYingpayday,jdbcType=VARCHAR}
		   where LH_ID = #{temp.lhId}
		  </foreach>
  </update>
  

  <!-- <select id="selectByPrimaryKey" parameterType="java.lang.String" resultMap="BaseResultMap">
    select 
    <include refid="Base_Column_List" />
    from T_LH_TCRESULT
    where LH_ID = #{lhId,jdbcType=VARCHAR}
    
  </select> -->
  <!-- <select id="listAPprice2IsNullData" resultMap="BaseResultMap">
  	select * from T_LH_TCRESULT where AP_PRICE2 is null and free is null
  </select> -->
  <select id="listNeedCheckData" resultMap="BaseResultMap">
  	select 
  	
  	j.bu, j.TRADE_TYPE, j.FORM_HEAD, j.CHANGSHANG_CODE, j.CHANGSHANG_NAME, j.HH_VENDOR_CODE, j.STOCKIN_CODE, 
    j.STOCKIN_TIME, j.PRUCHASE_CODE, j.MATERIEL, j.UNIT, j.UNSETTLED_NUM, j.CURRENCY, j.PO_PRICE, j.STOCKIN_MONEY, 
    j.ACTUAL_PRICE, j.AP_PRICE, j.ACTION, j.EFFECTIVE_DATE, j.EFFECTIVE_WAY, j.HH_PAYCONDITION, j.HFJ_PAYCONDITION, 
    j.PO_PAYCONDITION,j.AP_DRI,j.free, j.BILL_CODE, j.BILL_DATE, j.BILL_PRICE, j.BILL_MONEY, j.WAITCUTPAY, 
    j.PAY_DATE, j.URGENT, j.jb_code, j.jbdri,j.jbtime,
    
    lh.TC_EFFECTIVE_WAY, lh.TC_EFFECTIVE_DATE, lh.TC_EXPIRE_DATE, lh.TC_AP_PRICE, lh.TC_AC_PRICE, lh.TC_APPLE_PRICE, 
    lh.TC_ACTION, lh.TC_PAYMENT_TERM, lh.TC_UP_DRI
  	 
  	from t_jstable j  left join t_lh_tc_ms lh on j.stockin_code=lh.stockin_code 
  	where j.hascheck is null and j.jb_code is not null and lh.tc_ok is not null
    and j.free is null
  </select>
  <select id="listDataByJbtime" resultMap="BaseResultMap">
  	select <include refid="Base_Column_List" /> from T_LH_TCRESULT
    where JBTIME &gt;= #{startTime,jdbcType=VARCHAR} and JBTIME &lt;= #{endTime,jdbcType=VARCHAR} order by JBTIME,LH_ID
  </select>
  <select id="listFreeHasNoCheckData" resultMap="BaseResultMap">
  	select *
  	
  	<!-- bu, TRADE_TYPE, FORM_HEAD, CHANGSHANG_CODE, CHANGSHANG_NAME, HH_VENDOR_CODE, STOCKIN_CODE, 
    STOCKIN_TIME, PRUCHASE_CODE, MATERIEL, UNIT, UNSETTLED_NUM, CURRENCY, PO_PRICE, STOCKIN_MONEY, 
    ACTUAL_PRICE, AP_PRICE, ACTION, EFFECTIVE_DATE, EFFECTIVE_WAY, HH_PAYCONDITION, HFJ_PAYCONDITION, 
    PO_PAYCONDITION,AP_DRI, BILL_CODE, BILL_DATE, BILL_PRICE, BILL_MONEY, WAITCUTPAY, 
    PAY_DATE, URGENT, jb_code, match_Type,jbdri,jbtime,writetime,TC_OK -->
  	
  	 from T_jstable
    where free is not null and hascheck is null
  </select>
  
  <insert id="addLH_TClist">
  	insert into t_lh_tcresult 
  	(BU, TRADE_TYPE, FORM_HEAD, CHANGSHANG_CODE, CHANGSHANG_NAME, HH_VENDOR_CODE, 
    STOCKIN_CODE, STOCKIN_TIME, PRUCHASE_CODE, MATERIEL, UNIT, UNSETTLED_NUM, CURRENCY, 
    PO_PRICE, STOCKIN_MONEY, ACTUAL_PRICE,AC_PRICE2, AP_PRICE,AP_PRICE2, ACTION, EFFECTIVE_DATE, EFFECTIVE_WAY, 
    HH_PAYCONDITION, HFJ_PAYCONDITION, PO_PAYCONDITION,AP_DRI,free, WRITETIME, PURCHASE_DATE, 
    TC_EFFECTIVE_WAY, TC_EFFECTIVE_DATE, TC_EXPIRE_DATE, TC_AP_PRICE, TC_AC_PRICE, TC_APPLE_PRICE, 
    TC_ACTION, TC_PAYMENT_TERM, TC_UP_DRI, TC_OK,MS_AC_PRICE,MS_AP_PRICE,MS_EFFECTIVEDATE,MS_EXCHANGE_RATE,
    bill_Code,bill_Date,bill_Price,bill_Money,pay_Date,urgent,jb_Code,jbtime,po_Minus_Bill,bill_Minus_Ap,ap_Minus_Ac,
    ap_Minus_Apple) 
  	<foreach item='item' index='index' collection='list' separator=' union all '>
  		select
        <foreach item='name' index='index' collection='fieldList' separator=','>
            #{item.${name},jdbcType=VARCHAR}
        </foreach>
        from dual
  	</foreach>
  </insert>
  
  
</mapper>