<?xml version="1.0" encoding="UTF-8"?>
<!DOCTYPE mapper PUBLIC "-//mybatis.org//DTD Mapper 3.0//EN" "http://mybatis.org/dtd/mybatis-3-mapper.dtd">
<mapper namespace="com.foxconn.mapper.LH_TC_MSobjMapper">
  <resultMap id="BaseResultMap" type="com.foxconn.entity.LH_TC_MSobj">
    <id column="LH_ID" jdbcType="VARCHAR" property="lhId" />
    <result column="BU" jdbcType="VARCHAR" property="bu" />
    <result column="TRADE_TYPE" jdbcType="VARCHAR" property="tradeType" />
    <result column="FORM_HEAD" jdbcType="VARCHAR" property="formHead" />
    <result column="CHANGSHANG_CODE" jdbcType="VARCHAR" property="changshangCode" />
    <result column="CHANGSHANG_NAME" jdbcType="VARCHAR" property="changshangName" />
    <result column="HH_VENDOR_CODE" jdbcType="VARCHAR" property="hhVendorCode" />
    <result column="STOCKIN_CODE" jdbcType="VARCHAR" property="stockinCode" />
    <result column="STOCKIN_TIME" jdbcType="VARCHAR" property="stockinTime" />
    <result column="PRUCHASE_CODE" jdbcType="VARCHAR" property="pruchaseCode" />
    <result column="MATERIEL" jdbcType="VARCHAR" property="materiel" />
    <result column="UNIT" jdbcType="VARCHAR" property="unit" />
    <result column="UNSETTLED_NUM" jdbcType="VARCHAR" property="unsettledNum" />
    <result column="CURRENCY" jdbcType="VARCHAR" property="currency" />
    <result column="PO_PRICE" jdbcType="VARCHAR" property="poPrice" />
    <result column="STOCKIN_MONEY" jdbcType="VARCHAR" property="stockinMoney" />
    <result column="ACTUAL_PRICE" jdbcType="VARCHAR" property="actualPrice" />
    <result column="AP_PRICE" jdbcType="VARCHAR" property="apPrice" />
    <result column="ACTION" jdbcType="VARCHAR" property="action" />
    <result column="EFFECTIVE_DATE" jdbcType="VARCHAR" property="effectiveDate" />
    <result column="EFFECTIVE_WAY" jdbcType="VARCHAR" property="effectiveWay" />
    <result column="HH_PAYCONDITION" jdbcType="VARCHAR" property="hhPaycondition" />
    <result column="HFJ_PAYCONDITION" jdbcType="VARCHAR" property="hfjPaycondition" />
    <result column="PO_PAYCONDITION" jdbcType="VARCHAR" property="poPaycondition" />
    <result column="WRITETIME" jdbcType="VARCHAR" property="writetime" />
    <result column="PURCHASE_DATE" jdbcType="VARCHAR" property="purchaseDate" />
    <result column="TC_EFFECTIVE_WAY" jdbcType="VARCHAR" property="tcEffectiveWay" />
    <result column="TC_EFFECTIVE_DATE" jdbcType="VARCHAR" property="tcEffectiveDate" />
    <result column="TC_EXPIRE_DATE" jdbcType="VARCHAR" property="tcExpireDate" />
    <result column="TC_AP_PRICE" jdbcType="VARCHAR" property="tcApPrice" />
    <result column="TC_AC_PRICE" jdbcType="VARCHAR" property="tcAcPrice" />
    <result column="TC_APPLE_PRICE" jdbcType="VARCHAR" property="tcApplePrice" />
    <result column="TC_ACTION" jdbcType="VARCHAR" property="tcAction" />
    <result column="TC_PAYMENT_TERM" jdbcType="VARCHAR" property="tcPaymentTerm" />
    <result column="TC_UP_DRI" jdbcType="VARCHAR" property="tcUpDri" />
    <result column="TC_OK" jdbcType="VARCHAR" property="tcOk" />
    <result column="MS_AC_PRICE" jdbcType="VARCHAR" property="msAcPrice" />
    <result column="MS_AP_PRICE" jdbcType="VARCHAR" property="msApPrice" />
    <result column="MS_EFFECTIVEDATE" jdbcType="VARCHAR" property="msEffectivedate" />
    <result column="MS_EXCHANGE_RATE" jdbcType="VARCHAR" property="msExchangeRate" />
    <result column="remark" jdbcType="VARCHAR" property="remark" />
    <result column="free" jdbcType="VARCHAR" property="free" />
  </resultMap>
  <sql id="Base_Column_List">
    LH_ID, BU, TRADE_TYPE, FORM_HEAD, CHANGSHANG_CODE, CHANGSHANG_NAME, HH_VENDOR_CODE, 
    STOCKIN_CODE, STOCKIN_TIME, PRUCHASE_CODE, MATERIEL, UNIT, UNSETTLED_NUM, CURRENCY, 
    PO_PRICE, STOCKIN_MONEY, ACTUAL_PRICE, AP_PRICE, ACTION, EFFECTIVE_DATE, EFFECTIVE_WAY, 
    HH_PAYCONDITION, HFJ_PAYCONDITION, PO_PAYCONDITION, WRITETIME, PURCHASE_DATE, 
    TC_EFFECTIVE_WAY, TC_EFFECTIVE_DATE, TC_EXPIRE_DATE, TC_AP_PRICE, TC_AC_PRICE, TC_APPLE_PRICE, 
    TC_ACTION, TC_PAYMENT_TERM, TC_UP_DRI,remark,free,MS_AC_PRICE,MS_AP_PRICE,
    MS_EFFECTIVEDATE,MS_EXCHANGE_RATE,TC_OK
  </sql>
  
  
  <select id="listLH_TC_MSdata" resultMap="BaseResultMap">
  	select <include refid="Base_Column_List" /> from T_LH_TC_MS
    where WRITETIME &lt;= #{endTime,jdbcType=VARCHAR} order by WRITETIME , LH_ID
  </select>
  
  <select id="listNoMsData" resultMap="BaseResultMap">
  	select <include refid="Base_Column_List" /> from T_LH_TC_MS where MS_EXCHANGE_RATE is null
  </select>
  
  <select id="findByGrnList" resultType="java.lang.String">
 	select STOCKIN_CODE from T_LH_TC_MS where STOCKIN_CODE in (
 		<foreach item='name' index='index' collection='grnList' separator=','>
            #{name,jdbcType=VARCHAR}
        </foreach>
 	)
  </select>
  
  <update id="updateMs">
		  <foreach collection="list" item="temp" index="index" open="begin" close=";end;" separator=";">
		  update T_LH_TC_MS set 
		  <if test="temp.msAcPrice != null">
	          MS_AC_PRICE = #{temp.msAcPrice},
	      </if>
		  <if test="temp.msApPrice != null">
			  MS_AP_PRICE = #{temp.msApPrice},
	      </if>
		  <if test="temp.msEffectivedate != null">
		 	  MS_EFFECTIVEDATE = #{temp.msEffectivedate},
	      </if>
		  	  MS_EXCHANGE_RATE = #{temp.msExchangeRate,jdbcType=VARCHAR}
		   where LH_ID = #{temp.lhId}
		  </foreach>
  </update>
  

  <!-- <select id="selectByPrimaryKey" parameterType="java.lang.String" resultMap="BaseResultMap">
    select 
    <include refid="Base_Column_List" />
    from T_LH_TCRESULT
    where LH_ID = #{lhId,jdbcType=VARCHAR}
    
  </select> -->
  
  <select id="listAPprice2IsNullData" resultMap="BaseResultMap">
  	select * from T_LH_TCRESULT where AP_PRICE2 is null and free is null
  </select>
  
  
  
  <insert id="addLH_TC_MSlist">
  	insert into T_LH_TC_MS 
  	(BU, TRADE_TYPE, FORM_HEAD, CHANGSHANG_CODE, CHANGSHANG_NAME, HH_VENDOR_CODE, 
    STOCKIN_CODE, STOCKIN_TIME, PRUCHASE_CODE, MATERIEL, UNIT, UNSETTLED_NUM, CURRENCY, 
    PO_PRICE, STOCKIN_MONEY, ACTUAL_PRICE, AP_PRICE, ACTION, EFFECTIVE_DATE, EFFECTIVE_WAY, 
    HH_PAYCONDITION, HFJ_PAYCONDITION, PO_PAYCONDITION,free, WRITETIME, PURCHASE_DATE, 
    TC_EFFECTIVE_WAY, TC_EFFECTIVE_DATE, TC_EXPIRE_DATE, TC_AP_PRICE, TC_AC_PRICE, TC_APPLE_PRICE, 
    TC_ACTION, TC_PAYMENT_TERM, TC_UP_DRI,remark,MS_AC_PRICE,MS_AP_PRICE,
    MS_EFFECTIVEDATE,MS_EXCHANGE_RATE,TC_OK) 
  	<foreach item='item' index='index' collection='list' separator=' union all '>
  		select
        <foreach item='name' index='index' collection='fieldList' separator=','>
            #{item.${name},jdbcType=VARCHAR}
        </foreach>
        from dual
  	</foreach>
  </insert>
  
  
</mapper>