<?xml version="1.0" encoding="UTF-8"?>
<!DOCTYPE mapper PUBLIC "-//mybatis.org//DTD Mapper 3.0//EN" "http://mybatis.org/dtd/mybatis-3-mapper.dtd">
<mapper namespace="com.foxconn.mapper.TcDetailMapper">
  <resultMap id="BaseResultMap" type="com.foxconn.entity.TcDetail">
    <id column="TC_ID" jdbcType="VARCHAR" property="tcId" />
    <result column="BU_CODE" jdbcType="VARCHAR" property="buCode" />
    <result column="up_dri" jdbcType="VARCHAR" property="upDri" />
    <result column="HH_PN" jdbcType="VARCHAR" property="hhPn" />
    <result column="machine_Model" jdbcType="VARCHAR" property="machineModel" />
    <result column="NEW_VENDOR_CODE" jdbcType="VARCHAR" property="newVendorCode" />
    <result column="CURRENCY" jdbcType="VARCHAR" property="currency" />
    <result column="EFFECTIVE_DATE" jdbcType="VARCHAR" property="effectiveDate" />
    <result column="EXPIRE_DATE" jdbcType="VARCHAR" property="expireDate" />
    <result column="EFFECTIVE_WAY" jdbcType="VARCHAR" property="effectiveWay" />
    <result column="Allocation" jdbcType="VARCHAR" property="allocation" />
    <result column="APPLE_PRICE" jdbcType="DECIMAL" property="applePrice" />
    <result column="ACTUAL_PRICE" jdbcType="DECIMAL" property="actualPrice" />
    <result column="AP_PRICE" jdbcType="DECIMAL" property="apPrice" />
    
    <result column="ACTION" jdbcType="VARCHAR" property="action" />
    <result column="HH_PAYMENT" jdbcType="VARCHAR" property="hhPayment" />
    <result column="FTH_PAYMENT" jdbcType="VARCHAR" property="fthPayment" />
    <result column="TC_VERSION" jdbcType="VARCHAR" property="tcVersion" />
    <result column="CLICK_VERSION" jdbcType="VARCHAR" property="clickVersion" />
    <result column="FILED1" jdbcType="VARCHAR" property="filed1" />
    <result column="md5_Msg" jdbcType="VARCHAR" property="md5Msg" />
  </resultMap>
  <sql id="Base_Column_List">
    TC_ID, BU_CODE, UP_DRI, HH_PN,machine_Model, NEW_VENDOR_CODE, CURRENCY, EFFECTIVE_DATE, EXPIRE_DATE, 
    EFFECTIVE_WAY,Allocation, APPLE_PRICE, ACTUAL_PRICE, AP_PRICE, ACTION, HH_PAYMENT, FTH_PAYMENT, 
    TC_VERSION, CLICK_VERSION, FILED1, md5_Msg
  </sql>
  <insert id="addTCList">
  	insert into t_tc_detail 
  	(BU_CODE, UP_DRI, HH_PN,machine_Model, NEW_VENDOR_CODE, CURRENCY, EFFECTIVE_DATE, EXPIRE_DATE, 
    EFFECTIVE_WAY, Allocation, APPLE_PRICE, ACTUAL_PRICE, AP_PRICE, ACTION, HH_PAYMENT, FTH_PAYMENT, 
    TC_VERSION, CLICK_VERSION, md5_Msg) 
  	<foreach item='item' index='index' collection='tcList' separator=' union all '>
  		select
        <foreach item='name' index='index' collection='field' separator=','>
            <choose>
            	<when test="name == 'applePrice' or name == 'actualPrice' or name == 'apPrice'">
            	#{item.${name}, jdbcType=NUMERIC}
            	</when>
            	<otherwise>
            	#{item.${name}, jdbcType=VARCHAR}
            	</otherwise>
            </choose>
        </foreach>
        from dual
  	</foreach>
  </insert>
  
  <select id="listTCByClickVersion" resultMap="BaseResultMap">
  	select <include refid="Base_Column_List" /> from t_tc_detail where CLICK_VERSION = #{clickVersion,jdbcType=VARCHAR}
  </select>
  
  <select id="findByGRNCode" resultMap="BaseResultMap">
  	select <include refid="Base_Column_List" /> from t_tc_detail where CLICK_VERSION = #{clickVersion,jdbcType=VARCHAR}
  </select>
  
  <select id="getDateListByDateTime" resultType="java.lang.String">
  	select distinct  CLICK_VERSION from t_tc_detail where CLICK_VERSION &gt;= #{morning} and CLICK_VERSION &lt;= #{night}
  </select>
  
  <select id="listDataTop2W" resultMap="BaseResultMap">
  	select <include refid="Base_Column_List" /> from (
  		select <include refid="Base_Column_List" />,rownum rn from t_tc_detail order by CLICK_VERSION,TC_ID
  	) where rn between ((${start}-1)*${length}+1) and (${length}*${start}) 
  </select>
  <!-- select * from (
  		select t.*,rownum rn from t_tc_detail t order by CLICK_VERSION
  	) where rn between 2 and 10 -->
  <delete id="delTcByMd5" parameterType="java.util.List">
    delete from t_tc_detail where md5_msg in (
    <foreach item='item' index='index' collection='mD5List' separator=','>
    	#{item}
    </foreach>
    )
  </delete>
</mapper>