<?xml version="1.0" encoding="UTF-8"?>
<!DOCTYPE mapper PUBLIC "-//mybatis.org//DTD Mapper 3.0//EN" "http://mybatis.org/dtd/mybatis-3-mapper.dtd">
<mapper namespace="com.foxconn.mapper.ChildlistEntityMapper">
  <resultMap id="BaseResultMap" type="com.foxconn.entity.ChildlistEntity">
    <id column="CHILDLIST_ID" jdbcType="VARCHAR" property="childlistId" />
    <result column="TOTALLIST_ID" jdbcType="VARCHAR" property="totallistId" />
    <result column="ZIDRI" jdbcType="VARCHAR" property="zidri" />
    <result column="ZICHECKLIST" jdbcType="VARCHAR" property="zichecklist" />
    <result column="DUEDAY" jdbcType="VARCHAR" property="dueday" />
    <result column="ZICHICKPOINT" jdbcType="VARCHAR" property="zichickpoint" />
    <result column="ENDOVER" jdbcType="VARCHAR" property="endover" />
    <result column="STATUS" jdbcType="VARCHAR" property="status" />
    <result column="CREATETIME" jdbcType="TIMESTAMP" property="createtime" />
    <result column="REMARK1" jdbcType="VARCHAR" property="remark1" />
    <result column="ZIDRI_ID" jdbcType="VARCHAR" property="zidriId" />
    <result column="SCORE" jdbcType="VARCHAR" property="score" />
    <result column="COLUMN1" jdbcType="VARCHAR" property="column1" />
  </resultMap>
  <sql id="Base_Column_List">
    CHILDLIST_ID, TOTALLIST_ID, ZIDRI, ZICHECKLIST, DUEDAY, ZICHICKPOINT, ENDOVER, STATUS, 
    CREATETIME, REMARK1, ZIDRI_ID, SCORE, COLUMN1
  </sql>
  <select id="selectByPrimaryKey" parameterType="java.lang.String" resultMap="BaseResultMap">
    select 
    <include refid="Base_Column_List" />
    from T_CHILDLIST
    where CHILDLIST_ID = #{childlistId,jdbcType=VARCHAR}
  </select>
  
   <select id="count" resultType="java.util.HashMap">
    select zidri,status,count(status) as "count" from t_childlist group by zidri,status
  </select>
  
  <select id="listByTotallistId" parameterType="java.lang.String" resultMap="BaseResultMap">
    select 
    <include refid="Base_Column_List" />
    from T_CHILDLIST
    where TOTALLIST_ID = #{totallistId,jdbcType=VARCHAR}
    <if test="endover != null">
         and ENDOVER like '%'||#{endover,jdbcType=VARCHAR}||'%'
      </if>
      order by STATUS
  </select>
  
  <delete id="delChildlistByTotallistId" parameterType="java.lang.String">
    delete from T_CHILDLIST
    where TOTALLIST_ID = #{totallistId,jdbcType=VARCHAR}
  </delete>
  
  <delete id="deleteByPrimaryKey" parameterType="java.lang.String">
    delete from T_CHILDLIST
    where CHILDLIST_ID = #{childlistId,jdbcType=VARCHAR}
  </delete>
  <insert id="insert" parameterType="com.foxconn.entity.ChildlistEntity">
    insert into T_CHILDLIST (CHILDLIST_ID, TOTALLIST_ID, ZIDRI, 
      ZICHECKLIST, DUEDAY, ZICHICKPOINT, 
      ENDOVER, STATUS, CREATETIME, 
      REMARK1, ZIDRI_ID, SCORE, COLUMN1)
    values (#{childlistId,jdbcType=VARCHAR}, #{totallistId,jdbcType=VARCHAR}, #{zidri,jdbcType=VARCHAR}, 
      #{zichecklist,jdbcType=VARCHAR}, #{dueday,jdbcType=VARCHAR}, #{zichickpoint,jdbcType=VARCHAR}, 
      #{endover,jdbcType=VARCHAR}, #{status,jdbcType=VARCHAR}, #{createtime,jdbcType=TIMESTAMP}, 
      #{remark1,jdbcType=VARCHAR}, #{zidriId,jdbcType=VARCHAR},#{score,jdbcType=VARCHAR},#{column1,jdbcType=VARCHAR})
  </insert>
  <insert id="insertSelective" parameterType="com.foxconn.entity.ChildlistEntity">
    insert into T_CHILDLIST
    <trim prefix="(" suffix=")" suffixOverrides=",">
      <if test="childlistId != null">
        CHILDLIST_ID,
      </if>
      <if test="totallistId != null">
        TOTALLIST_ID,
      </if>
      <if test="zidri != null">
        ZIDRI,
      </if>
      <if test="zichecklist != null">
        ZICHECKLIST,
      </if>
      <if test="dueday != null">
        DUEDAY,
      </if>
      <if test="zichickpoint != null">
        ZICHICKPOINT,
      </if>
      <if test="endover != null">
        ENDOVER,
      </if>
      <if test="status != null">
        STATUS,
      </if>
      <if test="createtime != null">
        CREATETIME,
      </if>
      <if test="remark1 != null">
        REMARK1,
      </if>
      <if test="zidriId != null">
        ZIDRI_ID,
      </if>
       <if test="score != null">
        SCORE,
      </if>
      <if test="column1 != null">
        COLUMN1,
      </if>
    </trim>
    <trim prefix="values (" suffix=")" suffixOverrides=",">
      <if test="childlistId != null">
        #{childlistId,jdbcType=VARCHAR},
      </if>
      <if test="totallistId != null">
        #{totallistId,jdbcType=VARCHAR},
      </if>
      <if test="zidri != null">
        #{zidri,jdbcType=VARCHAR},
      </if>
      <if test="zichecklist != null">
        #{zichecklist,jdbcType=VARCHAR},
      </if>
      <if test="dueday != null">
        #{dueday,jdbcType=VARCHAR},
      </if>
      <if test="zichickpoint != null">
        #{zichickpoint,jdbcType=VARCHAR},
      </if>
      <if test="endover != null">
        #{endover,jdbcType=VARCHAR},
      </if>
      <if test="status != null">
        #{status,jdbcType=VARCHAR},
      </if>
      <if test="createtime != null">
        #{createtime,jdbcType=TIMESTAMP},
      </if>
      <if test="remark1 != null">
        #{remark1,jdbcType=VARCHAR},
      </if>
      <if test="zidriId != null">
        #{zidriId,jdbcType=VARCHAR},
      </if>
       <if test="score != null">
        #{score,jdbcType=VARCHAR},
      </if>
      <if test="column1 != null">
        #{column1,jdbcType=VARCHAR},
      </if>
    </trim>
  </insert>
  
  <update id="updateChildlistByBatch" parameterType="java.util.List">
         update T_CHILDLIST
            <trim prefix="set" suffixOverrides=",">
                 <trim prefix="status =case" suffix="end,">
                     <foreach collection="childListupdate" item="i" index="index">
                             <if test="i.childlistId!=null">
                                  when CHILDLIST_ID=#{i.childlistId} then #{i.status}
                             </if>
                     </foreach>
                  </trim>
             </trim>
            where CHILDLIST_ID in 
            <foreach collection="childListupdate"  item="i" index="index" open="(" separator="," close=")">
              #{i.childlistId}
          </foreach>
    </update>
  
  <update id="updateByPrimaryKeySelective" parameterType="com.foxconn.entity.ChildlistEntity">
    update T_CHILDLIST
    <set>
      <if test="totallistId != null">
        TOTALLIST_ID = #{totallistId,jdbcType=VARCHAR},
      </if>
      <if test="zidri != null">
        ZIDRI = #{zidri,jdbcType=VARCHAR},
      </if>
      <if test="zichecklist != null">
        ZICHECKLIST = #{zichecklist,jdbcType=VARCHAR},
      </if>
      <if test="dueday != null">
        DUEDAY = #{dueday,jdbcType=VARCHAR},
      </if>
      <if test="zichickpoint != null">
        ZICHICKPOINT = #{zichickpoint,jdbcType=VARCHAR},
      </if>
      <if test="endover != null">
        ENDOVER = #{endover,jdbcType=VARCHAR},
      </if>
      <if test="status != null">
        STATUS = #{status,jdbcType=VARCHAR},
      </if>
      <if test="createtime != null">
        CREATETIME = #{createtime,jdbcType=TIMESTAMP},
      </if>
      <if test="remark1 != null">
        REMARK1 = #{remark1,jdbcType=VARCHAR},
      </if>
      <if test="zidriId != null">
        ZIDRI_ID = #{zidriId,jdbcType=VARCHAR},
      </if>
      <if test="score != null">
        SCORE = #{score,jdbcType=VARCHAR},
      </if>
      <if test="column1 != null">
        COLUMN1 = #{column1,jdbcType=VARCHAR},
      </if>
    </set>
    where CHILDLIST_ID = #{childlistId,jdbcType=VARCHAR}
  </update>
  <update id="updateByPrimaryKey" parameterType="com.foxconn.entity.ChildlistEntity">
    update T_CHILDLIST
    set TOTALLIST_ID = #{totallistId,jdbcType=VARCHAR},
      ZIDRI = #{zidri,jdbcType=VARCHAR},
      ZICHECKLIST = #{zichecklist,jdbcType=VARCHAR},
      DUEDAY = #{dueday,jdbcType=VARCHAR},
      ZICHICKPOINT = #{zichickpoint,jdbcType=VARCHAR},
      ENDOVER = #{endover,jdbcType=VARCHAR},
      STATUS = #{status,jdbcType=VARCHAR},
      CREATETIME = #{createtime,jdbcType=TIMESTAMP},
      REMARK1 = #{remark1,jdbcType=VARCHAR},
      ZIDRI_ID = #{zidriId,jdbcType=VARCHAR},
      SCORE = #{score,jdbcType=VARCHAR},
      COLUMN1 = #{column1,jdbcType=VARCHAR}
    where CHILDLIST_ID = #{childlistId,jdbcType=VARCHAR}
  </update>
</mapper>