<?xml version="1.0" encoding="UTF-8"?>
<!DOCTYPE mapper PUBLIC "-//mybatis.org//DTD Mapper 3.0//EN" "http://mybatis.org/dtd/mybatis-3-mapper.dtd">
<mapper namespace="com.foxconn.mapper.DatafileEntityMapper">
  <resultMap id="BaseResultMap" type="com.foxconn.entity.DatafileEntity">
    <id column="DATAFILE_ID" jdbcType="VARCHAR" property="datafileId" />
    <result column="DATAFILE_URL" jdbcType="VARCHAR" property="datafileUrl" />
    <result column="UPLOADER" jdbcType="VARCHAR" property="uploader" />
    <result column="UPLOADER_ID" jdbcType="VARCHAR" property="uploaderId" />
    <result column="CREATETIME" jdbcType="TIMESTAMP" property="createtime" />
    <result column="REMARK1" jdbcType="VARCHAR" property="remark1" />
    <result column="REMARK2" jdbcType="VARCHAR" property="remark2" />
  </resultMap>
  <sql id="Base_Column_List">
    DATAFILE_ID, DATAFILE_URL, UPLOADER, UPLOADER_ID, CREATETIME, REMARK1, REMARK2
  </sql>
  <select id="selectByPrimaryKey" parameterType="java.lang.String" resultMap="BaseResultMap">
    select 
    <include refid="Base_Column_List" />
    from T_DATAFILE
    where DATAFILE_ID = #{datafileId,jdbcType=VARCHAR}
  </select>
  
  <select id="findAllFile" parameterType="java.lang.String" resultMap="BaseResultMap">
  select * from (
        select rownum rowno,t.* from (
   
		    select 
		    <include refid="Base_Column_List" />
		    from T_DATAFILE where 1=1 
		    <if test="uploaderId != null">
		      and  UPLOADER_ID = #{uploaderId,jdbcType=VARCHAR}
		    </if>
		    <if test="uploader != null">
		      and  UPLOADER like '%'||#{uploader,jdbcType=VARCHAR}||'%'
		    </if>
		    <if test="item != null">
		      and  (DATAFILE_URL like '%'||#{item,jdbcType=VARCHAR}||'%' or  CREATETIME like '%'|| #{item,jdbcType=VARCHAR}||'%')
		    </if>
            order by createtime desc
        ) t
     ) where rowno between ${start}+1 and ${length}+${start}
  
  
  </select>
  
  <select id="countAllFile" parameterType="java.lang.String" resultType="java.lang.Integer">
		    select 
		    count(*)
		    from T_DATAFILE where 1=1 
		    <if test="uploaderId != null">
		      and  UPLOADER_ID = #{uploaderId,jdbcType=VARCHAR}
		    </if>
		    <if test="uploader != null">
		      and  UPLOADER like '%'||#{uploader,jdbcType=VARCHAR}||'%'
		    </if>
		    <if test="item != null">
		      and  (DATAFILE_URL like '%'||#{item,jdbcType=VARCHAR}||'%' or  CREATETIME like '%'|| #{item,jdbcType=VARCHAR}||'%')
		    </if>
  </select>
  <delete id="deleteByPrimaryKey" parameterType="java.lang.String">
    delete from T_DATAFILE
    where DATAFILE_ID = #{datafileId,jdbcType=VARCHAR}
  </delete>
  
  
  <delete id="delFileByUploader" parameterType="java.lang.String">
    delete from T_DATAFILE
    where UPLOADER_ID = #{uploaderId,jdbcType=VARCHAR}
  </delete>
  <insert id="insert" parameterType="com.foxconn.entity.DatafileEntity">
    insert into T_DATAFILE (DATAFILE_ID, DATAFILE_URL, UPLOADER, 
      UPLOADER_ID, CREATETIME, REMARK1, 
      REMARK2)
    values (#{datafileId,jdbcType=VARCHAR}, #{datafileUrl,jdbcType=VARCHAR}, #{uploader,jdbcType=VARCHAR}, 
      #{uploaderId,jdbcType=VARCHAR}, #{createtime,jdbcType=TIMESTAMP}, #{remark1,jdbcType=VARCHAR}, 
      #{remark2,jdbcType=VARCHAR})
  </insert>
  <insert id="insertSelective" parameterType="com.foxconn.entity.DatafileEntity">
    insert into T_DATAFILE
    <trim prefix="(" suffix=")" suffixOverrides=",">
      <if test="datafileId != null">
        DATAFILE_ID,
      </if>
      <if test="datafileUrl != null">
        DATAFILE_URL,
      </if>
      <if test="uploader != null">
        UPLOADER,
      </if>
      <if test="uploaderId != null">
        UPLOADER_ID,
      </if>
      <if test="createtime != null">
        CREATETIME,
      </if>
      <if test="remark1 != null">
        REMARK1,
      </if>
      <if test="remark2 != null">
        REMARK2,
      </if>
    </trim>
    <trim prefix="values (" suffix=")" suffixOverrides=",">
      <if test="datafileId != null">
        #{datafileId,jdbcType=VARCHAR},
      </if>
      <if test="datafileUrl != null">
        #{datafileUrl,jdbcType=VARCHAR},
      </if>
      <if test="uploader != null">
        #{uploader,jdbcType=VARCHAR},
      </if>
      <if test="uploaderId != null">
        #{uploaderId,jdbcType=VARCHAR},
      </if>
      <if test="createtime != null">
        #{createtime,jdbcType=TIMESTAMP},
      </if>
      <if test="remark1 != null">
        #{remark1,jdbcType=VARCHAR},
      </if>
      <if test="remark2 != null">
        #{remark2,jdbcType=VARCHAR},
      </if>
    </trim>
  </insert>
  <update id="updateByPrimaryKeySelective" parameterType="com.foxconn.entity.DatafileEntity">
    update T_DATAFILE
    <set>
      <if test="datafileUrl != null">
        DATAFILE_URL = #{datafileUrl,jdbcType=VARCHAR},
      </if>
      <if test="uploader != null">
        UPLOADER = #{uploader,jdbcType=VARCHAR},
      </if>
      <if test="uploaderId != null">
        UPLOADER_ID = #{uploaderId,jdbcType=VARCHAR},
      </if>
      <if test="createtime != null">
        CREATETIME = #{createtime,jdbcType=TIMESTAMP},
      </if>
      <if test="remark1 != null">
        REMARK1 = #{remark1,jdbcType=VARCHAR},
      </if>
      <if test="remark2 != null">
        REMARK2 = #{remark2,jdbcType=VARCHAR},
      </if>
    </set>
    where DATAFILE_ID = #{datafileId,jdbcType=VARCHAR}
  </update>
  <update id="updateByPrimaryKey" parameterType="com.foxconn.entity.DatafileEntity">
    update T_DATAFILE
    set DATAFILE_URL = #{datafileUrl,jdbcType=VARCHAR},
      UPLOADER = #{uploader,jdbcType=VARCHAR},
      UPLOADER_ID = #{uploaderId,jdbcType=VARCHAR},
      CREATETIME = #{createtime,jdbcType=TIMESTAMP},
      REMARK1 = #{remark1,jdbcType=VARCHAR},
      REMARK2 = #{remark2,jdbcType=VARCHAR}
    where DATAFILE_ID = #{datafileId,jdbcType=VARCHAR}
  </update>
</mapper>