<?xml version="1.0" encoding="UTF-8"?>
<!DOCTYPE mapper PUBLIC "-//mybatis.org//DTD Mapper 3.0//EN" "http://mybatis.org/dtd/mybatis-3-mapper.dtd">
<mapper namespace="com.foxconn.mapper.DepartMapper">
  <resultMap id="BaseResultMap" type="com.foxconn.entity.Depart">
    <id column="DEPART_ID" jdbcType="VARCHAR" property="departId" />
    <result column="DEPART_NAME" jdbcType="VARCHAR" property="departName" />
    <result column="DEPART_CODE" jdbcType="VARCHAR" property="departCode" />
    <result column="REMARKER" jdbcType="VARCHAR" property="remarker" />
  </resultMap>
  <sql id="Base_Column_List">
    DEPART_ID, DEPART_NAME, DEPART_CODE, REMARKER
  </sql>
  <select id="selectByPrimaryKey" parameterType="java.lang.String" resultMap="BaseResultMap">
    select 
    <include refid="Base_Column_List" />
    from T_DEPART
    where DEPART_ID = #{departId,jdbcType=VARCHAR}
  </select>
  
   <select id="listAllDepart" parameterType="java.lang.String" resultMap="BaseResultMap">
    select 
    <include refid="Base_Column_List" />
    from T_DEPART
  </select>
  <delete id="deleteByPrimaryKey" parameterType="java.lang.String">
    delete from T_DEPART
    where DEPART_ID = #{departId,jdbcType=VARCHAR}
  </delete>
  <insert id="insert" parameterType="com.foxconn.entity.Depart">
    insert into T_DEPART (DEPART_ID, DEPART_NAME, DEPART_CODE, 
      REMARKER)
    values (#{departId,jdbcType=VARCHAR}, #{departName,jdbcType=VARCHAR}, #{departCode,jdbcType=VARCHAR}, 
      #{remarker,jdbcType=VARCHAR})
  </insert>
  <insert id="insertSelective" parameterType="com.foxconn.entity.Depart">
    insert into T_DEPART
    <trim prefix="(" suffix=")" suffixOverrides=",">
      <if test="departId != null">
        DEPART_ID,
      </if>
      <if test="departName != null">
        DEPART_NAME,
      </if>
      <if test="departCode != null">
        DEPART_CODE,
      </if>
      <if test="remarker != null">
        REMARKER,
      </if>
    </trim>
    <trim prefix="values (" suffix=")" suffixOverrides=",">
      <if test="departId != null">
        #{departId,jdbcType=VARCHAR},
      </if>
      <if test="departName != null">
        #{departName,jdbcType=VARCHAR},
      </if>
      <if test="departCode != null">
        #{departCode,jdbcType=VARCHAR},
      </if>
      <if test="remarker != null">
        #{remarker,jdbcType=VARCHAR},
      </if>
    </trim>
  </insert>
  <update id="updateByPrimaryKeySelective" parameterType="com.foxconn.entity.Depart">
    update T_DEPART
    <set>
      <if test="departName != null">
        DEPART_NAME = #{departName,jdbcType=VARCHAR},
      </if>
      <if test="departCode != null">
        DEPART_CODE = #{departCode,jdbcType=VARCHAR},
      </if>
      <if test="remarker != null">
        REMARKER = #{remarker,jdbcType=VARCHAR},
      </if>
    </set>
    where DEPART_ID = #{departId,jdbcType=VARCHAR}
  </update>
  <update id="updateByPrimaryKey" parameterType="com.foxconn.entity.Depart">
    update T_DEPART
    set DEPART_NAME = #{departName,jdbcType=VARCHAR},
      DEPART_CODE = #{departCode,jdbcType=VARCHAR},
      REMARKER = #{remarker,jdbcType=VARCHAR}
    where DEPART_ID = #{departId,jdbcType=VARCHAR}
  </update>
</mapper>