<?xml version="1.0" encoding="UTF-8"?>
<!DOCTYPE mapper PUBLIC "-//mybatis.org//DTD Mapper 3.0//EN" "http://mybatis.org/dtd/mybatis-3-mapper.dtd">
<mapper namespace="com.foxconn.mapper.GroupEntityMapper">
  <resultMap id="BaseResultMap" type="com.foxconn.entity.GroupEntity">
    <id column="G_ID" jdbcType="VARCHAR" property="gId" />
    <result column="USER_NAME" jdbcType="VARCHAR" property="userName" />
    <result column="EMAIL" jdbcType="VARCHAR" property="email" />
    <result column="GROUP_NAME" jdbcType="VARCHAR" property="groupName" />
    <result column="USER_ID" jdbcType="VARCHAR" property="userId" />
    <result column="GROUPS_ID" jdbcType="VARCHAR" property="groupsId" />
    <result column="REMARK1" jdbcType="VARCHAR" property="remark1" />
    <result column="REMARK2" jdbcType="VARCHAR" property="remark2" />
  </resultMap>
  <sql id="Base_Column_List">
    G_ID, USER_NAME, EMAIL, GROUP_NAME, USER_ID, GROUPS_ID, REMARK1, REMARK2
  </sql>
  <select id="selectByPrimaryKey" parameterType="java.lang.String" resultMap="BaseResultMap">
    select 
    <include refid="Base_Column_List" />
    from T_GROUP
    where G_ID = #{gId,jdbcType=VARCHAR}
  </select>
  
  <select id="listAllGroups" parameterType="java.lang.String" resultMap="BaseResultMap">
    select 
    <include refid="Base_Column_List" />
    from T_GROUP
  </select>
  
  <select id="getGroupsByGroupId" parameterType="java.lang.String" resultMap="BaseResultMap">
    select 
    <include refid="Base_Column_List" />
    from T_GROUP
    where GROUPS_ID = #{groupId,jdbcType=VARCHAR}
  </select>
  
  <delete id="deleteByPrimaryKey" parameterType="java.lang.String">
    delete from T_GROUP
    where G_ID = #{gId,jdbcType=VARCHAR}
  </delete>
  
   <delete id="delGroupByGroupId" parameterType="java.lang.String">
    delete from T_GROUP
    where GROUPS_ID = #{groupId,jdbcType=VARCHAR}
  </delete>
  
  <insert id="insert" parameterType="com.foxconn.entity.GroupEntity">
    insert into T_GROUP (G_ID, USER_NAME, EMAIL, 
      GROUP_NAME, USER_ID, GROUPS_ID, 
      REMARK1, REMARK2)
    values (#{gId,jdbcType=VARCHAR}, #{userName,jdbcType=VARCHAR}, #{email,jdbcType=VARCHAR}, 
      #{groupName,jdbcType=VARCHAR}, #{userId,jdbcType=VARCHAR}, #{groupsId,jdbcType=VARCHAR}, 
      #{remark1,jdbcType=VARCHAR}, #{remark2,jdbcType=VARCHAR})
  </insert>
  <insert id="insertSelective" parameterType="com.foxconn.entity.GroupEntity">
    insert into T_GROUP
    <trim prefix="(" suffix=")" suffixOverrides=",">
      <if test="gId != null">
        G_ID,
      </if>
      <if test="userName != null">
        USER_NAME,
      </if>
      <if test="email != null">
        EMAIL,
      </if>
      <if test="groupName != null">
        GROUP_NAME,
      </if>
      <if test="userId != null">
        USER_ID,
      </if>
      <if test="groupsId != null">
        GROUPS_ID,
      </if>
      <if test="remark1 != null">
        REMARK1,
      </if>
      <if test="remark2 != null">
        REMARK2,
      </if>
    </trim>
    <trim prefix="values (" suffix=")" suffixOverrides=",">
      <if test="gId != null">
        #{gId,jdbcType=VARCHAR},
      </if>
      <if test="userName != null">
        #{userName,jdbcType=VARCHAR},
      </if>
      <if test="email != null">
        #{email,jdbcType=VARCHAR},
      </if>
      <if test="groupName != null">
        #{groupName,jdbcType=VARCHAR},
      </if>
      <if test="userId != null">
        #{userId,jdbcType=VARCHAR},
      </if>
      <if test="groupsId != null">
        #{groupsId,jdbcType=VARCHAR},
      </if>
      <if test="remark1 != null">
        #{remark1,jdbcType=VARCHAR},
      </if>
      <if test="remark2 != null">
        #{remark2,jdbcType=VARCHAR},
      </if>
    </trim>
  </insert>
  <update id="updateByPrimaryKeySelective" parameterType="com.foxconn.entity.GroupEntity">
    update T_GROUP
    <set>
      <if test="userName != null">
        USER_NAME = #{userName,jdbcType=VARCHAR},
      </if>
      <if test="email != null">
        EMAIL = #{email,jdbcType=VARCHAR},
      </if>
      <if test="groupName != null">
        GROUP_NAME = #{groupName,jdbcType=VARCHAR},
      </if>
      <if test="userId != null">
        USER_ID = #{userId,jdbcType=VARCHAR},
      </if>
      <if test="groupsId != null">
        GROUPS_ID = #{groupsId,jdbcType=VARCHAR},
      </if>
      <if test="remark1 != null">
        REMARK1 = #{remark1,jdbcType=VARCHAR},
      </if>
      <if test="remark2 != null">
        REMARK2 = #{remark2,jdbcType=VARCHAR},
      </if>
    </set>
    where G_ID = #{gId,jdbcType=VARCHAR}
  </update>
  <update id="updateByPrimaryKey" parameterType="com.foxconn.entity.GroupEntity">
    update T_GROUP
    set USER_NAME = #{userName,jdbcType=VARCHAR},
      EMAIL = #{email,jdbcType=VARCHAR},
      GROUP_NAME = #{groupName,jdbcType=VARCHAR},
      USER_ID = #{userId,jdbcType=VARCHAR},
      GROUPS_ID = #{groupsId,jdbcType=VARCHAR},
      REMARK1 = #{remark1,jdbcType=VARCHAR},
      REMARK2 = #{remark2,jdbcType=VARCHAR}
    where G_ID = #{gId,jdbcType=VARCHAR}
  </update>
</mapper>