<?xml version="1.0" encoding="UTF-8"?>
<!DOCTYPE mapper PUBLIC "-//mybatis.org//DTD Mapper 3.0//EN" "http://mybatis.org/dtd/mybatis-3-mapper.dtd">
<mapper namespace="com.foxconn.mapper.JoblogEntityMapper">
  <resultMap id="BaseResultMap" type="com.foxconn.entity.JoblogEntity">
    <id column="JOBLOG_ID" jdbcType="VARCHAR" property="joblogId" />
    <result column="USER_ID" jdbcType="VARCHAR" property="userId" />
    <result column="USER_NAME" jdbcType="VARCHAR" property="userName" />
    <result column="GROUP_ID" jdbcType="VARCHAR" property="groupId" />
    <result column="GROUP_NAME" jdbcType="VARCHAR" property="groupName" />
    <result column="JOB_TIME" jdbcType="VARCHAR" property="jobTime" />
    <result column="MORNING" jdbcType="VARCHAR" property="morning" />
    <result column="EVENING" jdbcType="VARCHAR" property="evening" />
    <result column="REMARK1" jdbcType="VARCHAR" property="remark1" />
    <result column="REMARK2" jdbcType="VARCHAR" property="remark2" />
  </resultMap>
  <sql id="Base_Column_List">
    JOBLOG_ID, USER_ID, USER_NAME, GROUP_ID, GROUP_NAME, JOB_TIME, MORNING, EVENING, 
    REMARK1, REMARK2
  </sql>
  <select id="selectByPrimaryKey" parameterType="java.lang.String" resultMap="BaseResultMap">
    select 
    <include refid="Base_Column_List" />
    from T_JOBLOG
    where JOBLOG_ID = #{joblogId,jdbcType=VARCHAR}
  </select>
  <select id="listAllByToday" parameterType="java.lang.String" resultMap="BaseResultMap">
    select 
    <include refid="Base_Column_List" />
    from T_JOBLOG
    where JOB_TIME like '%'||#{time,jdbcType=VARCHAR}||'%'
  </select>
  
   <select id="countAll" parameterType="java.lang.String" resultType="java.lang.Integer">

        select count(*)
        from T_JOBLOG where 1=1 
          <if test="jobtime != null">
            and JOB_TIME &gt;= #{jobtime,jdbcType=VARCHAR}
          </if>
         <if test="endtime != null">
            and JOB_TIME &lt;= #{endtime,jdbcType=VARCHAR}
          </if>
       <if test="item != null">
            AND (USER_NAME like '%'||#{item,jdbcType=VARCHAR}||'%' or GROUP_NAME like '%'||#{item,jdbcType=VARCHAR}||'%'
              or MORNING like '%'||#{item,jdbcType=VARCHAR}||'%' or EVENING like '%'||#{item,jdbcType=VARCHAR}||'%')
          </if>
     
  </select>
  
  <select id="findAllByitem" parameterType="java.lang.String" resultMap="BaseResultMap">
  select * from (
  select rownum rowno,t.* from (
	    select 
	    <include refid="Base_Column_List" />
	    from T_JOBLOG where 1=1 
           
	       <if test="jobtime != null">
            and JOB_TIME &gt;= #{jobtime,jdbcType=VARCHAR}
          </if>
         <if test="endtime != null">
            and JOB_TIME &lt;= #{endtime,jdbcType=VARCHAR}
          </if>
	   <if test="item != null">
	        AND (USER_NAME like '%'||#{item,jdbcType=VARCHAR}||'%' or GROUP_NAME like '%'||#{item,jdbcType=VARCHAR}||'%'
	          or MORNING like '%'||#{item,jdbcType=VARCHAR}||'%' or EVENING like '%'||#{item,jdbcType=VARCHAR}||'%')
	      </if>
	      order by JOB_TIME desc
        ) t
     ) where rowno between ${start}+1 and ${length}+${start}
  </select>
  
  <delete id="deleteByPrimaryKey" parameterType="java.lang.String">
    delete from T_JOBLOG
    where JOBLOG_ID = #{joblogId,jdbcType=VARCHAR}
  </delete>
  <insert id="insert" parameterType="com.foxconn.entity.JoblogEntity">
    insert into T_JOBLOG (JOBLOG_ID, USER_ID, USER_NAME, 
      GROUP_ID, GROUP_NAME, JOB_TIME, 
      MORNING, EVENING, REMARK1, 
      REMARK2)
    values (#{joblogId,jdbcType=VARCHAR}, #{userId,jdbcType=VARCHAR}, #{userName,jdbcType=VARCHAR}, 
      #{groupId,jdbcType=VARCHAR}, #{groupName,jdbcType=VARCHAR}, #{jobTime,jdbcType=VARCHAR}, 
      #{morning,jdbcType=VARCHAR}, #{evening,jdbcType=VARCHAR}, #{remark1,jdbcType=VARCHAR}, 
      #{remark2,jdbcType=VARCHAR})
  </insert>
  <insert id="insertSelective" parameterType="com.foxconn.entity.JoblogEntity">
    insert into T_JOBLOG
    <trim prefix="(" suffix=")" suffixOverrides=",">
      <if test="joblogId != null">
        JOBLOG_ID,
      </if>
      <if test="userId != null">
        USER_ID,
      </if>
      <if test="userName != null">
        USER_NAME,
      </if>
      <if test="groupId != null">
        GROUP_ID,
      </if>
      <if test="groupName != null">
        GROUP_NAME,
      </if>
      <if test="jobTime != null">
        JOB_TIME,
      </if>
      <if test="morning != null">
        MORNING,
      </if>
      <if test="evening != null">
        EVENING,
      </if>
      <if test="remark1 != null">
        REMARK1,
      </if>
      <if test="remark2 != null">
        REMARK2,
      </if>
    </trim>
    <trim prefix="values (" suffix=")" suffixOverrides=",">
      <if test="joblogId != null">
        #{joblogId,jdbcType=VARCHAR},
      </if>
      <if test="userId != null">
        #{userId,jdbcType=VARCHAR},
      </if>
      <if test="userName != null">
        #{userName,jdbcType=VARCHAR},
      </if>
      <if test="groupId != null">
        #{groupId,jdbcType=VARCHAR},
      </if>
      <if test="groupName != null">
        #{groupName,jdbcType=VARCHAR},
      </if>
      <if test="jobTime != null">
        #{jobTime,jdbcType=VARCHAR},
      </if>
      <if test="morning != null">
        #{morning,jdbcType=VARCHAR},
      </if>
      <if test="evening != null">
        #{evening,jdbcType=VARCHAR},
      </if>
      <if test="remark1 != null">
        #{remark1,jdbcType=VARCHAR},
      </if>
      <if test="remark2 != null">
        #{remark2,jdbcType=VARCHAR},
      </if>
    </trim>
  </insert>
  <update id="updateByPrimaryKeySelective" parameterType="com.foxconn.entity.JoblogEntity">
    update T_JOBLOG
    <set>
      <if test="userId != null">
        USER_ID = #{userId,jdbcType=VARCHAR},
      </if>
      <if test="userName != null">
        USER_NAME = #{userName,jdbcType=VARCHAR},
      </if>
      <if test="groupId != null">
        GROUP_ID = #{groupId,jdbcType=VARCHAR},
      </if>
      <if test="groupName != null">
        GROUP_NAME = #{groupName,jdbcType=VARCHAR},
      </if>
      <if test="jobTime != null">
        JOB_TIME = #{jobTime,jdbcType=VARCHAR},
      </if>
      <if test="morning != null">
        MORNING = #{morning,jdbcType=VARCHAR},
      </if>
      <if test="evening != null">
        EVENING = #{evening,jdbcType=VARCHAR},
      </if>
      <if test="remark1 != null">
        REMARK1 = #{remark1,jdbcType=VARCHAR},
      </if>
      <if test="remark2 != null">
        REMARK2 = #{remark2,jdbcType=VARCHAR},
      </if>
    </set>
    where JOBLOG_ID = #{joblogId,jdbcType=VARCHAR}
  </update>
  <update id="updateByPrimaryKey" parameterType="com.foxconn.entity.JoblogEntity">
    update T_JOBLOG
    set USER_ID = #{userId,jdbcType=VARCHAR},
      USER_NAME = #{userName,jdbcType=VARCHAR},
      GROUP_ID = #{groupId,jdbcType=VARCHAR},
      GROUP_NAME = #{groupName,jdbcType=VARCHAR},
      JOB_TIME = #{jobTime,jdbcType=VARCHAR},
      MORNING = #{morning,jdbcType=VARCHAR},
      EVENING = #{evening,jdbcType=VARCHAR},
      REMARK1 = #{remark1,jdbcType=VARCHAR},
      REMARK2 = #{remark2,jdbcType=VARCHAR}
    where JOBLOG_ID = #{joblogId,jdbcType=VARCHAR}
  </update>
</mapper>