<?xml version="1.0" encoding="UTF-8"?>
<!DOCTYPE mapper PUBLIC "-//mybatis.org//DTD Mapper 3.0//EN" "http://mybatis.org/dtd/mybatis-3-mapper.dtd">
<mapper namespace="com.foxconn.mapper.MeetFileEntityMapper">
  <resultMap id="BaseResultMap" type="com.foxconn.entity.MeetFileEntity">
    <id column="MF_ID" jdbcType="VARCHAR" property="mfId" />
    <result column="MEET_ID" jdbcType="VARCHAR" property="meetId" />
    <result column="FILEURL" jdbcType="VARCHAR" property="fileurl" />
    <result column="REMARK1" jdbcType="VARCHAR" property="remark1" />
    <result column="REMARK2" jdbcType="VARCHAR" property="remark2" />
  </resultMap>
  <sql id="Base_Column_List">
    MF_ID, MEET_ID, FILEURL, REMARK1, REMARK2
  </sql>
  <select id="selectByPrimaryKey" parameterType="java.lang.String" resultMap="BaseResultMap">
    select 
    <include refid="Base_Column_List" />
    from T_MEET_FILE
    where MF_ID = #{mfId,jdbcType=VARCHAR}
  </select>
  
   <select id="getMeetFileBymeetidAndFileurl" parameterType="java.lang.String" resultMap="BaseResultMap">
    select 
    <include refid="Base_Column_List" />
    from T_MEET_FILE
    where MEET_ID = #{meetid,jdbcType=VARCHAR} and FILEURL = #{fileurl,jdbcType=VARCHAR}
  </select>
  
  <select id="findByMeetId" parameterType="java.lang.String" resultMap="BaseResultMap">
    select 
    <include refid="Base_Column_List" />
    from T_MEET_FILE
    where MEET_ID = #{meetId,jdbcType=VARCHAR}
  </select>
  
  <delete id="deleteByPrimaryKey" parameterType="java.lang.String">
    delete from T_MEET_FILE
    where MF_ID = #{mfId,jdbcType=VARCHAR}
  </delete>
  
  <delete id="delFileByMeetId" parameterType="java.lang.String">
    delete from T_MEET_FILE
    where MEET_ID = #{meetId,jdbcType=VARCHAR}
  </delete>
  
  <insert id="insert" parameterType="com.foxconn.entity.MeetFileEntity">
    insert into T_MEET_FILE (MF_ID, MEET_ID, FILEURL, 
      REMARK1, REMARK2)
    values (#{mfId,jdbcType=VARCHAR}, #{meetId,jdbcType=VARCHAR}, #{fileurl,jdbcType=VARCHAR}, 
      #{remark1,jdbcType=VARCHAR}, #{remark2,jdbcType=VARCHAR})
  </insert>
  <insert id="insertSelective" parameterType="com.foxconn.entity.MeetFileEntity">
    insert into T_MEET_FILE
    <trim prefix="(" suffix=")" suffixOverrides=",">
      <if test="mfId != null">
        MF_ID,
      </if>
      <if test="meetId != null">
        MEET_ID,
      </if>
      <if test="fileurl != null">
        FILEURL,
      </if>
      <if test="remark1 != null">
        REMARK1,
      </if>
      <if test="remark2 != null">
        REMARK2,
      </if>
    </trim>
    <trim prefix="values (" suffix=")" suffixOverrides=",">
      <if test="mfId != null">
        #{mfId,jdbcType=VARCHAR},
      </if>
      <if test="meetId != null">
        #{meetId,jdbcType=VARCHAR},
      </if>
      <if test="fileurl != null">
        #{fileurl,jdbcType=VARCHAR},
      </if>
      <if test="remark1 != null">
        #{remark1,jdbcType=VARCHAR},
      </if>
      <if test="remark2 != null">
        #{remark2,jdbcType=VARCHAR},
      </if>
    </trim>
  </insert>
  <update id="updateByPrimaryKeySelective" parameterType="com.foxconn.entity.MeetFileEntity">
    update T_MEET_FILE
    <set>
      <if test="meetId != null">
        MEET_ID = #{meetId,jdbcType=VARCHAR},
      </if>
      <if test="fileurl != null">
        FILEURL = #{fileurl,jdbcType=VARCHAR},
      </if>
      <if test="remark1 != null">
        REMARK1 = #{remark1,jdbcType=VARCHAR},
      </if>
      <if test="remark2 != null">
        REMARK2 = #{remark2,jdbcType=VARCHAR},
      </if>
    </set>
    where MF_ID = #{mfId,jdbcType=VARCHAR}
  </update>
  <update id="updateByPrimaryKey" parameterType="com.foxconn.entity.MeetFileEntity">
    update T_MEET_FILE
    set MEET_ID = #{meetId,jdbcType=VARCHAR},
      FILEURL = #{fileurl,jdbcType=VARCHAR},
      REMARK1 = #{remark1,jdbcType=VARCHAR},
      REMARK2 = #{remark2,jdbcType=VARCHAR}
    where MF_ID = #{mfId,jdbcType=VARCHAR}
  </update>
</mapper>