<?xml version="1.0" encoding="UTF-8"?>
<!DOCTYPE mapper PUBLIC "-//mybatis.org//DTD Mapper 3.0//EN" "http://mybatis.org/dtd/mybatis-3-mapper.dtd">
<mapper namespace="com.foxconn.mapper.MeetionnotesMapper">
  <resultMap id="BaseResultMap" type="com.foxconn.entity.Meetionnotes">
    <id column="MEET_ID" jdbcType="VARCHAR" property="meetId" />
    <result column="MEET_NAME" jdbcType="VARCHAR" property="meetName" />
    <result column="MEET_CHAIRMAN" jdbcType="VARCHAR" property="meetChairman" />
    <result column="MEET_TIME" jdbcType="VARCHAR" property="meetTime" />
    <result column="MEET_LOCATION" jdbcType="VARCHAR" property="meetLocation" />
    <result column="NOTE_TAKER" jdbcType="VARCHAR" property="noteTaker" />
    <result column="JOIN_PEOPLE" jdbcType="VARCHAR" property="joinPeople" />
    <result column="ABSENTEE" jdbcType="VARCHAR" property="absentee" />
    <result column="MEET_ENDTIME" jdbcType="VARCHAR" property="meetEndtime" />
    <result column="RESPONSE_BODY" jdbcType="VARCHAR" property="responseBody" />
    <result column="REMARK3" jdbcType="VARCHAR" property="remark3" />
  </resultMap>
  <sql id="Base_Column_List">
    MEET_ID, MEET_NAME, MEET_CHAIRMAN, MEET_TIME, MEET_LOCATION, NOTE_TAKER, JOIN_PEOPLE, 
    ABSENTEE, MEET_ENDTIME, RESPONSE_BODY, REMARK3
  </sql>
  <select id="selectByPrimaryKey" parameterType="java.lang.String" resultMap="BaseResultMap">
    select 
    <include refid="Base_Column_List" />
    from T_MEETINGNOTES
    where MEET_ID = #{meetId,jdbcType=VARCHAR}
  </select>
  
  <select id="countlistByItem" parameterType="java.lang.String" resultType="java.lang.Integer">
  SELECT COUNT(*) FROM (
    select 
    <include refid="Base_Column_List" />
    from T_MEETINGNOTES
    )  where 1=1 
    <if test="item != null">
         and MEET_NAME like '%'||#{item,jdbcType=VARCHAR}||'%' or MEET_CHAIRMAN like '%'||#{item,jdbcType=VARCHAR}||'%' 
        or MEET_TIME like '%'||#{item,jdbcType=VARCHAR}||'%' or MEET_LOCATION like '%'||#{item,jdbcType=VARCHAR}||'%'
        or NOTE_TAKER like '%'||#{item,jdbcType=VARCHAR}||'%'
      </if>
   
  </select>
  
  <select id="listByItem" parameterType="java.lang.String" resultMap="BaseResultMap">
   select * from (
  select rownum rowno,t.* from (
    select 
    <include refid="Base_Column_List" />
    from T_MEETINGNOTES
    where 1=1 
    <if test="item != null">
         and MEET_NAME like '%'||#{item,jdbcType=VARCHAR}||'%' or MEET_CHAIRMAN like '%'||#{item,jdbcType=VARCHAR}||'%' 
        or MEET_TIME like '%'||#{item,jdbcType=VARCHAR}||'%' or MEET_LOCATION like '%'||#{item,jdbcType=VARCHAR}||'%'
        or NOTE_TAKER like '%'||#{item,jdbcType=VARCHAR}||'%'
      </if>
     order by MEET_TIME desc
        ) t
     )
     where rowno between ${start}+1 and ${length}+${start}
  </select>
  
  
  <delete id="deleteByPrimaryKey" parameterType="java.lang.String">
    delete from T_MEETINGNOTES
    where MEET_ID = #{meetId,jdbcType=VARCHAR}
  </delete>
  <insert id="insert" parameterType="com.foxconn.entity.Meetionnotes">
    insert into T_MEETINGNOTES (MEET_ID, MEET_NAME, MEET_CHAIRMAN, 
      MEET_TIME, MEET_LOCATION, NOTE_TAKER, 
      JOIN_PEOPLE, ABSENTEE, MEET_ENDTIME, RESPONSE_BODY, 
      REMARK3)
    values (#{meetId,jdbcType=VARCHAR}, #{meetName,jdbcType=VARCHAR}, #{meetChairman,jdbcType=VARCHAR}, 
      #{meetTime,jdbcType=VARCHAR}, #{meetLocation,jdbcType=VARCHAR}, #{noteTaker,jdbcType=VARCHAR}, 
      #{joinPeople,jdbcType=VARCHAR}, #{absentee,jdbcType=VARCHAR}, #{meetEndtime,jdbcType=VARCHAR}, #{responseBody,jdbcType=VARCHAR}, 
      #{remark3,jdbcType=VARCHAR})
  </insert>
  <insert id="insertSelective" parameterType="com.foxconn.entity.Meetionnotes">
    insert into T_MEETINGNOTES
    <trim prefix="(" suffix=")" suffixOverrides=",">
      <if test="meetId != null">
        MEET_ID,
      </if>
      <if test="meetName != null">
        MEET_NAME,
      </if>
      <if test="meetChairman != null">
        MEET_CHAIRMAN,
      </if>
      <if test="meetTime != null">
        MEET_TIME,
      </if>
      <if test="meetLocation != null">
        MEET_LOCATION,
      </if>
      <if test="noteTaker != null">
        NOTE_TAKER,
      </if>
      <if test="joinPeople != null">
        JOIN_PEOPLE,
      </if>
      <if test="absentee != null">
        ABSENTEE,
      </if>
      <if test="meetEndtime != null">
        MEET_ENDTIME,
      </if>
      <if test="responseBody != null">
        RESPONSE_BODY,
      </if>
      <if test="remark3 != null">
        REMARK3,
      </if>
    </trim>
    <trim prefix="values (" suffix=")" suffixOverrides=",">
      <if test="meetId != null">
        #{meetId,jdbcType=VARCHAR},
      </if>
      <if test="meetName != null">
        #{meetName,jdbcType=VARCHAR},
      </if>
      <if test="meetChairman != null">
        #{meetChairman,jdbcType=VARCHAR},
      </if>
      <if test="meetTime != null">
        #{meetTime,jdbcType=VARCHAR},
      </if>
      <if test="meetLocation != null">
        #{meetLocation,jdbcType=VARCHAR},
      </if>
      <if test="noteTaker != null">
        #{noteTaker,jdbcType=VARCHAR},
      </if>
      <if test="joinPeople != null">
        #{joinPeople,jdbcType=VARCHAR},
      </if>
      <if test="absentee != null">
        #{absentee,jdbcType=VARCHAR},
      </if>
      <if test="meetEndtime != null">
        #{meetEndtime,jdbcType=VARCHAR},
      </if>
      <if test="responseBody != null">
        #{responseBody,jdbcType=VARCHAR},
      </if>
      <if test="remark3 != null">
        #{remark3,jdbcType=VARCHAR},
      </if>
    </trim>
  </insert>
  <update id="updateByPrimaryKeySelective" parameterType="com.foxconn.entity.Meetionnotes">
    update T_MEETINGNOTES
    <set>
      <if test="meetName != null">
        MEET_NAME = #{meetName,jdbcType=VARCHAR},
      </if>
      <if test="meetChairman != null">
        MEET_CHAIRMAN = #{meetChairman,jdbcType=VARCHAR},
      </if>
      <if test="meetTime != null">
        MEET_TIME = #{meetTime,jdbcType=VARCHAR},
      </if>
      <if test="meetLocation != null">
        MEET_LOCATION = #{meetLocation,jdbcType=VARCHAR},
      </if>
      <if test="noteTaker != null">
        NOTE_TAKER = #{noteTaker,jdbcType=VARCHAR},
      </if>
      <if test="joinPeople != null">
        JOIN_PEOPLE = #{joinPeople,jdbcType=VARCHAR},
      </if>
      <if test="absentee != null">
        ABSENTEE = #{absentee,jdbcType=VARCHAR},
      </if>
      <if test="meetEndtime != null">
        MEET_ENDTIME = #{meetEndtime,jdbcType=VARCHAR},
      </if>
      <if test="responseBody != null">
        RESPONSE_BODY = #{responseBody,jdbcType=VARCHAR},
      </if>
      <if test="remark3 != null">
        REMARK3 = #{remark3,jdbcType=VARCHAR},
      </if>
    </set>
    where MEET_ID = #{meetId,jdbcType=VARCHAR}
  </update>
  <update id="updateByPrimaryKey" parameterType="com.foxconn.entity.Meetionnotes">
    update T_MEETINGNOTES
    set MEET_NAME = #{meetName,jdbcType=VARCHAR},
      MEET_CHAIRMAN = #{meetChairman,jdbcType=VARCHAR},
      MEET_TIME = #{meetTime,jdbcType=VARCHAR},
      MEET_LOCATION = #{meetLocation,jdbcType=VARCHAR},
      NOTE_TAKER = #{noteTaker,jdbcType=VARCHAR},
      JOIN_PEOPLE = #{joinPeople,jdbcType=VARCHAR},
      ABSENTEE = #{absentee,jdbcType=VARCHAR},
      MEET_ENDTIME = #{meetEndtime,jdbcType=VARCHAR},
      RESPONSE_BODY = #{responseBody,jdbcType=VARCHAR},
      REMARK3 = #{remark3,jdbcType=VARCHAR}
    where MEET_ID = #{meetId,jdbcType=VARCHAR}
  </update>
</mapper>