<?xml version="1.0" encoding="UTF-8"?>
<!DOCTYPE mapper PUBLIC "-//mybatis.org//DTD Mapper 3.0//EN" "http://mybatis.org/dtd/mybatis-3-mapper.dtd">
<mapper namespace="com.foxconn.mapper.MeetcontentsMapper">
  <resultMap id="BaseResultMap" type="com.foxconn.entity.Meetcontents">
    <id column="MEETCONTANTS_ID" jdbcType="VARCHAR" property="meetcontantsId" />
    <result column="MEET_ID" jdbcType="VARCHAR" property="meetId" />
    <result column="MEET_TYPE" jdbcType="VARCHAR" property="meetType" />
    <result column="DUTYPEOPLE" jdbcType="VARCHAR" property="dutypeople" />
    <result column="REMARK2" jdbcType="VARCHAR" property="remark2" />
  </resultMap>
  
   <resultMap extends="BaseResultMap" id="ResultMapWithBLOBs" type="com.foxconn.entity.Meetcontents">
    <result column="TYPE_CONTENT" jdbcType="LONGVARBINARY" property="typeContent" javaType='String' />
  </resultMap>
  <sql id="Base_Column_List">
    MEETCONTANTS_ID, MEET_ID, MEET_TYPE, DUTYPEOPLE, REMARK2
  </sql>
  <sql id="Blob_Column_List">
    TYPE_CONTENT
  </sql>
  <select id="selectByPrimaryKey" parameterType="java.lang.String" resultMap="ResultMapWithBLOBs">
    select 
    <include refid="Base_Column_List" />
    ,
    <include refid="Blob_Column_List" />
    from T_MEETCONTENTS
    where MEETCONTANTS_ID = #{meetcontantsId,jdbcType=VARCHAR}
  </select>
  
    <select id="listMeetcontentsByMeetId" parameterType="java.lang.String" resultMap="ResultMapWithBLOBs">
    select 
    <include refid="Base_Column_List" />
     ,
    <include refid="Blob_Column_List" />
    from T_MEETCONTENTS
    where MEET_ID = #{meetId,jdbcType=VARCHAR} order by to_number(REMARK2)
    </select>
  
  <delete id="deleteByPrimaryKey" parameterType="java.lang.String">
    delete from T_MEETCONTENTS
    where MEETCONTANTS_ID = #{meetcontantsId,jdbcType=VARCHAR}
  </delete>
  
  <delete id="delMeetcontentsBtMeetId" parameterType="java.lang.String">
    delete from T_MEETCONTENTS
    where MEET_ID = #{meetId,jdbcType=VARCHAR}
  </delete>
  
  <insert id="insert" parameterType="com.foxconn.entity.Meetcontents">
    insert into T_MEETCONTENTS (MEETCONTANTS_ID, MEET_ID, MEET_TYPE, 
      TYPE_CONTENT, DUTYPEOPLE, REMARK2
      )
    values (#{meetcontantsId,jdbcType=VARCHAR}, #{meetId,jdbcType=VARCHAR}, #{meetType,jdbcType=VARCHAR}, 
      #{typeContent}, #{dutypeople,jdbcType=VARCHAR}, #{remark2,jdbcType=VARCHAR}
      )
  </insert>
  <insert id="insertSelective" parameterType="com.foxconn.entity.Meetcontents">
    insert into T_MEETCONTENTS
    <trim prefix="(" suffix=")" suffixOverrides=",">
      <if test="meetcontantsId != null">
        MEETCONTANTS_ID,
      </if>
      <if test="meetId != null">
        MEET_ID,
      </if>
      <if test="meetType != null">
        MEET_TYPE,
      </if>
      <if test="typeContent != null">
        TYPE_CONTENT,
      </if>
      <if test="dutypeople != null">
        DUTYPEOPLE,
      </if>
      <if test="remark2 != null">
        REMARK2,
      </if>
    </trim>
    <trim prefix="values (" suffix=")" suffixOverrides=",">
      <if test="meetcontantsId != null">
        #{meetcontantsId,jdbcType=VARCHAR},
      </if>
      <if test="meetId != null">
        #{meetId,jdbcType=VARCHAR},
      </if>
      <if test="meetType != null">
        #{meetType,jdbcType=VARCHAR},
      </if>
      <if test="typeContent != null">
        #{typeContent},
      </if>
      <if test="dutypeople != null">
        #{dutypeople,jdbcType=VARCHAR},
      </if>
      <if test="remark2 != null">
        #{remark2,jdbcType=VARCHAR},
      </if>
    </trim>
  </insert>
  <update id="updateByPrimaryKeySelective" parameterType="com.foxconn.entity.Meetcontents">
    update T_MEETCONTENTS
    <set>
      <if test="meetId != null">
        MEET_ID = #{meetId,jdbcType=VARCHAR},
      </if>
      <if test="meetType != null">
        MEET_TYPE = #{meetType,jdbcType=VARCHAR},
      </if>
      <if test="typeContent != null">
        TYPE_CONTENT = #{typeContent},
      </if>
      <if test="dutypeople != null">
        DUTYPEOPLE = #{dutypeople,jdbcType=VARCHAR},
      </if>
      <if test="remark2 != null">
        REMARK2 = #{remark2,jdbcType=VARCHAR},
      </if>
    </set>
    where MEETCONTANTS_ID = #{meetcontantsId,jdbcType=VARCHAR}
  </update>
  <update id="updateByPrimaryKey" parameterType="com.foxconn.entity.Meetcontents">
    update T_MEETCONTENTS
    set MEET_ID = #{meetId,jdbcType=VARCHAR},
      MEET_TYPE = #{meetType,jdbcType=VARCHAR},
      TYPE_CONTENT = #{typeContent},
      DUTYPEOPLE = #{dutypeople,jdbcType=VARCHAR},
      REMARK2 = #{remark2,jdbcType=VARCHAR}
    where MEETCONTANTS_ID = #{meetcontantsId,jdbcType=VARCHAR}
  </update>
</mapper>