<?xml version="1.0" encoding="UTF-8"?>
<!DOCTYPE mapper PUBLIC "-//mybatis.org//DTD Mapper 3.0//EN" "http://mybatis.org/dtd/mybatis-3-mapper.dtd">
<mapper namespace="com.foxconn.mapper.MeetGroupEntityMapper">
  <resultMap id="BaseResultMap" type="com.foxconn.entity.MeetGroupEntity">
    <id column="MG_ID" jdbcType="VARCHAR" property="mgId" />
    <result column="MG_NAME" jdbcType="VARCHAR" property="mgName" />
    <result column="MG_DISCRIBE" jdbcType="VARCHAR" property="mgDiscribe" />
    <result column="CREATETIME" jdbcType="TIMESTAMP" property="createtime" />
    <result column="MG_MEMBER" jdbcType="VARCHAR" property="mgMember" />
    <result column="FILE1" jdbcType="VARCHAR" property="file1" />
    <result column="FILE2" jdbcType="VARCHAR" property="file2" />
    <result column="FILE3" jdbcType="VARCHAR" property="file3" />
    <result column="FILE4" jdbcType="VARCHAR" property="file4" />
  </resultMap>
  <sql id="Base_Column_List">
    MG_ID, MG_NAME, MG_DISCRIBE, CREATETIME, MG_MEMBER, FILE1, FILE2, FILE3, FILE4
  </sql>
  <select id="selectByPrimaryKey" parameterType="java.lang.String" resultMap="BaseResultMap">
    select 
    <include refid="Base_Column_List" />
    from T_MEET_GROUP
    where MG_ID = #{mgId,jdbcType=VARCHAR}
  </select>
  <delete id="deleteByPrimaryKey" parameterType="java.lang.String">
    delete from T_MEET_GROUP
    where MG_ID = #{mgId,jdbcType=VARCHAR}
  </delete>
  <insert id="insert" parameterType="com.foxconn.entity.MeetGroupEntity">
    insert into T_MEET_GROUP (MG_ID, MG_NAME, MG_DISCRIBE, 
      CREATETIME, MG_MEMBER, FILE1, 
      FILE2, FILE3, FILE4
      )
    values (#{mgId,jdbcType=VARCHAR}, #{mgName,jdbcType=VARCHAR}, #{mgDiscribe,jdbcType=VARCHAR}, 
      #{createtime,jdbcType=TIMESTAMP}, #{mgMember,jdbcType=VARCHAR}, #{file1,jdbcType=VARCHAR}, 
      #{file2,jdbcType=VARCHAR}, #{file3,jdbcType=VARCHAR}, #{file4,jdbcType=VARCHAR}
      )
  </insert>
  <insert id="insertSelective" parameterType="com.foxconn.entity.MeetGroupEntity">
    insert into T_MEET_GROUP
    <trim prefix="(" suffix=")" suffixOverrides=",">
      <if test="mgId != null">
        MG_ID,
      </if>
      <if test="mgName != null">
        MG_NAME,
      </if>
      <if test="mgDiscribe != null">
        MG_DISCRIBE,
      </if>
      <if test="createtime != null">
        CREATETIME,
      </if>
      <if test="mgMember != null">
        MG_MEMBER,
      </if>
      <if test="file1 != null">
        FILE1,
      </if>
      <if test="file2 != null">
        FILE2,
      </if>
      <if test="file3 != null">
        FILE3,
      </if>
      <if test="file4 != null">
        FILE4,
      </if>
    </trim>
    <trim prefix="values (" suffix=")" suffixOverrides=",">
      <if test="mgId != null">
        #{mgId,jdbcType=VARCHAR},
      </if>
      <if test="mgName != null">
        #{mgName,jdbcType=VARCHAR},
      </if>
      <if test="mgDiscribe != null">
        #{mgDiscribe,jdbcType=VARCHAR},
      </if>
      <if test="createtime != null">
        #{createtime,jdbcType=TIMESTAMP},
      </if>
      <if test="mgMember != null">
        #{mgMember,jdbcType=VARCHAR},
      </if>
      <if test="file1 != null">
        #{file1,jdbcType=VARCHAR},
      </if>
      <if test="file2 != null">
        #{file2,jdbcType=VARCHAR},
      </if>
      <if test="file3 != null">
        #{file3,jdbcType=VARCHAR},
      </if>
      <if test="file4 != null">
        #{file4,jdbcType=VARCHAR},
      </if>
    </trim>
  </insert>
  <update id="updateByPrimaryKeySelective" parameterType="com.foxconn.entity.MeetGroupEntity">
    update T_MEET_GROUP
    <set>
      <if test="mgName != null">
        MG_NAME = #{mgName,jdbcType=VARCHAR},
      </if>
      <if test="mgDiscribe != null">
        MG_DISCRIBE = #{mgDiscribe,jdbcType=VARCHAR},
      </if>
      <if test="createtime != null">
        CREATETIME = #{createtime,jdbcType=TIMESTAMP},
      </if>
      <if test="mgMember != null">
        MG_MEMBER = #{mgMember,jdbcType=VARCHAR},
      </if>
      <if test="file1 != null">
        FILE1 = #{file1,jdbcType=VARCHAR},
      </if>
      <if test="file2 != null">
        FILE2 = #{file2,jdbcType=VARCHAR},
      </if>
      <if test="file3 != null">
        FILE3 = #{file3,jdbcType=VARCHAR},
      </if>
      <if test="file4 != null">
        FILE4 = #{file4,jdbcType=VARCHAR},
      </if>
    </set>
    where MG_ID = #{mgId,jdbcType=VARCHAR}
  </update>
  <update id="updateByPrimaryKey" parameterType="com.foxconn.entity.MeetGroupEntity">
    update T_MEET_GROUP
    set MG_NAME = #{mgName,jdbcType=VARCHAR},
      MG_DISCRIBE = #{mgDiscribe,jdbcType=VARCHAR},
      CREATETIME = #{createtime,jdbcType=TIMESTAMP},
      MG_MEMBER = #{mgMember,jdbcType=VARCHAR},
      FILE1 = #{file1,jdbcType=VARCHAR},
      FILE2 = #{file2,jdbcType=VARCHAR},
      FILE3 = #{file3,jdbcType=VARCHAR},
      FILE4 = #{file4,jdbcType=VARCHAR}
    where MG_ID = #{mgId,jdbcType=VARCHAR}
  </update>
</mapper>