<?xml version="1.0" encoding="UTF-8"?>
<!DOCTYPE mapper PUBLIC "-//mybatis.org//DTD Mapper 3.0//EN" "http://mybatis.org/dtd/mybatis-3-mapper.dtd">
<mapper namespace="com.foxconn.mapper.RPEntityMapper">
  <resultMap id="BaseResultMap" type="com.foxconn.entity.RPEntity">
    <id column="rp_id" jdbcType="VARCHAR" property="rpId" />
    <result column="role_id" jdbcType="VARCHAR" property="roleId" />
    <result column="per_id" jdbcType="VARCHAR" property="perId" />
  </resultMap>
  <sql id="Base_Column_List">
    rp_id, role_id, per_id
  </sql>
  <select id="selectByPrimaryKey" parameterType="java.lang.String" resultMap="BaseResultMap">
    select 
    <include refid="Base_Column_List" />
    from T_ROLE_PERMISSION
    where rp_id = #{rpId,jdbcType=VARCHAR}
  </select>
  
  <select id="listAll" resultMap="BaseResultMap">
    select 
    <include refid="Base_Column_List" />
    from T_ROLE_PERMISSION  
  </select>
  
  <select id="listByRoleId" parameterType="java.lang.String" resultMap="BaseResultMap">
    select 
    <include refid="Base_Column_List" />
    from T_ROLE_PERMISSION 
    where role_id = #{roleId,jdbcType=VARCHAR} 
  </select>
  <delete id="deleteByPrimaryKey" parameterType="java.lang.String">
    delete from T_ROLE_PERMISSION
    where rp_id = #{rpId,jdbcType=VARCHAR}
  </delete>
  
  
  <delete id="delListByIds">
  		delete from T_ROLE_PERMISSION WHERE role_id = #{roleId,jdbcType=VARCHAR} and per_id IN 
  		<foreach item="item" collection="delList" index = "index" 
  		open="(" separator=',' close=")">
  			#{item}
  		</foreach>
  </delete>
  <delete id="delRolePermissionByRoleIds" parameterType="java.lang.String">
    delete from T_ROLE_PERMISSION
    where role_id in 
    <foreach item="item" collection="roleIds" index = "index" 
        open="(" separator=',' close=")">
            #{item}
    </foreach>
  </delete>
  <insert id="insert" parameterType="com.foxconn.entity.RPEntity">
    insert into T_ROLE_PERMISSION (role_id, per_id
      )
    values (#{roleId,jdbcType=VARCHAR}, #{PERId,jdbcType=VARCHAR}
      )
  </insert>
  
 <!--  <insert id="insertListByIds13">
  	insert into T_ROLE_PERMISSION (role_id, per_id) values
  	<foreach item="item" index="index" collection="addList" separator=" union all ">
  		select #{roleId},#{item} from dual
  	</foreach>
  </insert> -->
  
  <insert id="insertListByIds">
    insert all
    <foreach item="item" collection="addList" index = "index">
         into T_ROLE_PERMISSION(role_id, per_id) values(#{roleId},#{item})
    </foreach>
    select 1 from dual
  </insert>
  
  <insert id="insertSelective" parameterType="com.foxconn.entity.RPEntity">
    insert into T_ROLE_PERMISSION
    <trim prefix="(" suffix=")" suffixOverrides=",">
      <if test="rpId != null">
        rp_id,
      </if>
      <if test="roleId != null">
        role_id,
      </if>
      <if test="PERId != null">
        per_id,
      </if>
    </trim>
    <trim prefix="values (" suffix=")" suffixOverrides=",">
      <if test="rpId != null">
        #{rpId,jdbcType=VARCHAR},
      </if>
      <if test="roleId != null">
        #{roleId,jdbcType=VARCHAR},
      </if>
      <if test="PERId != null">
        #{PERId,jdbcType=VARCHAR},
      </if>
    </trim>
  </insert>
  <update id="updateByPrimaryKeySelective" parameterType="com.foxconn.entity.RPEntity">
    update T_ROLE_PERMISSION
    <set>
      <if test="roleId != null">
        role_id = #{roleId,jdbcType=VARCHAR},
      </if>
      <if test="PERId != null">
        per_id = #{PERId,jdbcType=VARCHAR},
      </if>
    </set>
    where rp_id = #{rpId,jdbcType=VARCHAR}
  </update>
  <update id="updateByPrimaryKey" parameterType="com.foxconn.entity.RPEntity">
    update T_ROLE_PERMISSION
    set role_id = #{roleId,jdbcType=VARCHAR},
      per_id = #{PERId,jdbcType=VARCHAR}
    where rp_id = #{rpId,jdbcType=VARCHAR}
  </update>
</mapper>