<?xml version="1.0" encoding="UTF-8"?>
<!DOCTYPE mapper PUBLIC "-//mybatis.org//DTD Mapper 3.0//EN" "http://mybatis.org/dtd/mybatis-3-mapper.dtd">
<mapper namespace="com.foxconn.mapper.TotallistEntityMapper">
  <resultMap id="BaseResultMap" type="com.foxconn.entity.TotallistEntity">
    <id column="TOTALLIST_ID" jdbcType="VARCHAR" property="totallistId" />
    <result column="ORDER_NUMBER" jdbcType="VARCHAR" property="orderNumber" />
    <result column="LOCALTION" jdbcType="VARCHAR" property="localtion" />
    <result column="PROJECT_NAME" jdbcType="VARCHAR" property="projectName" />
    <result column="TOTALDRI" jdbcType="VARCHAR" property="totaldri" />
    <result column="DUEDAY" jdbcType="VARCHAR" property="dueday" />
    <result column="REMARK" jdbcType="VARCHAR" property="remark" />
    <result column="ENDOVER" jdbcType="VARCHAR" property="endover" />
    <result column="STATUS" jdbcType="VARCHAR" property="status" />
    <result column="CREATETIME" jdbcType="TIMESTAMP" property="createtime" />
    <result column="DRI_ID" jdbcType="VARCHAR" property="driId" />
    <result column="REMARK2" jdbcType="VARCHAR" property="remark2" />
    <result column="CHANGEDDREMARK" jdbcType="VARCHAR" property="changeddremark" />
    <result column="SCORE" jdbcType="VARCHAR" property="score" />
    <result column="COLUMN1" jdbcType="VARCHAR" property="column1" />
    <association property="childlists" javaType="com.foxconn.entity.ChildlistEntity">
	        <id column="CHILDLIST_ID" jdbcType="VARCHAR" property="childlistId" />
		    <result column="TOTALLIST_ID" jdbcType="VARCHAR" property="totallistId" />
		    <result column="ZIDRI" jdbcType="VARCHAR" property="zidri" />
		    <result column="ZICHECKLIST" jdbcType="VARCHAR" property="zichecklist" />
		    <result column="DUEDAY" jdbcType="VARCHAR" property="dueday" />
		    <result column="ZICHICKPOINT" jdbcType="VARCHAR" property="zichickpoint" />
		    <result column="ENDOVER" jdbcType="VARCHAR" property="endover" />
		    <result column="STATUS" jdbcType="VARCHAR" property="status" />
		    <result column="CREATETIME" jdbcType="TIMESTAMP" property="createtime" />
     </association>
  </resultMap>
  <sql id="Base_Column_List">
    TOTALLIST_ID, ORDER_NUMBER, LOCALTION, PROJECT_NAME, TOTALDRI, DUEDAY, 
    REMARK, ENDOVER, STATUS, CREATETIME, DRI_ID, REMARK2, CHANGEDDREMARK, SCORE, COLUMN1
  </sql>
  <select id="selectByPrimaryKey" parameterType="java.lang.String" resultMap="BaseResultMap">
    select 
    <include refid="Base_Column_List" />
    from T_TOTALLIST
    where TOTALLIST_ID = #{totallistId,jdbcType=VARCHAR}
  </select>
  
   <select id="countlistByItem" parameterType="java.lang.String" resultType="java.lang.Integer">
      SELECT COUNT(*) FROM (
         select <include refid="Base_Column_List" /> from t_totallist
        ) t WHERE 1=1
        <if test="status != null">
             AND t.STATUS like '%'||#{status,jdbcType=VARCHAR}||'%'
        </if>
        <if test="item != null">
             AND (t.ORDER_NUMBER like '%'||#{item,jdbcType=VARCHAR}||'%' or t.LOCALTION like '%'||#{item,jdbcType=VARCHAR}||'%' 
            or t.TOTALDRI like '%'||#{item,jdbcType=VARCHAR}||'%' or t.DUEDAY like '%'||#{item,jdbcType=VARCHAR}||'%'
            or t.CREATETIME like '%'||#{item,jdbcType=VARCHAR}||'%' or t.ENDOVER like '%'||#{item,jdbcType=VARCHAR}||'%')
         </if>
          <if test="userIdList != null">
             AND (DRI_ID in   
             <foreach item='driid' index='index' collection='userIdList' open='(' separator=',' close=')'>
                     #{driid}
             </foreach>
                 )
         </if>
  </select>
  
  
  <select id="listByItem" parameterType="java.lang.String" resultMap="BaseResultMap">
  select * from (
  select rownum rowno,t.* from (
	     select <include refid="Base_Column_List" /> from t_totallist WHERE 1=1
	    <if test="status != null">
	         AND STATUS like '%'||#{status,jdbcType=VARCHAR}||'%'
	    </if>
	    <if test="item != null">
	         AND (PROJECT_NAME like '%'||#{item,jdbcType=VARCHAR}||'%' or LOCALTION like '%'||#{item,jdbcType=VARCHAR}||'%' 
	        or TOTALDRI like '%'||#{item,jdbcType=VARCHAR}||'%' or DUEDAY like '%'||#{item,jdbcType=VARCHAR}||'%'
	        or CREATETIME like '%'||#{item,jdbcType=VARCHAR}||'%' or ENDOVER like '%'||#{item,jdbcType=VARCHAR}||'%')
	     </if>
	     <if test="userIdList != null">
             AND (DRI_ID in   
             <foreach item='driid' index='index' collection='userIdList' open='(' separator=',' close=')'>
                     #{driid}
             </foreach>
                 )
         </if>
	     order by STATUS asc,DUEDAY asc
       ) t
     )
     where rowno between ${start}+1 and ${length}+${start}
  </select>
  
  <select id="count" resultType="java.util.HashMap">
    select totaldri,status,count(status) as "count" from t_totallist
    group by totaldri,status
  </select>
  
  <delete id="deleteByPrimaryKey" parameterType="java.lang.String">
    delete from T_TOTALLIST
    where TOTALLIST_ID = #{totallistId,jdbcType=VARCHAR}
  </delete>
  <insert id="insert" parameterType="com.foxconn.entity.TotallistEntity">
    insert into T_TOTALLIST (TOTALLIST_ID, ORDER_NUMBER, LOCALTION, 
      PROJECT_NAME, TOTALDRI,  
      DUEDAY, REMARK, ENDOVER, 
      STATUS, CREATETIME, DRI_ID, 
      REMARK2, CHANGEDDREMARK, SCORE, COLUMN1)
    values (#{totallistId,jdbcType=VARCHAR}, #{orderNumber,jdbcType=VARCHAR}, #{localtion,jdbcType=VARCHAR}, 
      #{projectName,jdbcType=VARCHAR}, #{totaldri,jdbcType=VARCHAR}, 
      #{dueday,jdbcType=VARCHAR}, #{remark,jdbcType=VARCHAR}, #{endover,jdbcType=VARCHAR}, 
      #{status,jdbcType=VARCHAR}, #{createtime,jdbcType=TIMESTAMP}, #{driId,jdbcType=VARCHAR}, 
      #{remark2,jdbcType=VARCHAR}, #{changeddremark,jdbcType=VARCHAR},#{score,jdbcType=VARCHAR},#{column1,jdbcType=VARCHAR})
  </insert>
  <insert id="insertSelective" parameterType="com.foxconn.entity.TotallistEntity">
    insert into T_TOTALLIST
    <trim prefix="(" suffix=")" suffixOverrides=",">
      <if test="totallistId != null">
        TOTALLIST_ID,
      </if>
      <if test="orderNumber != null">
        ORDER_NUMBER,
      </if>
      <if test="localtion != null">
        LOCALTION,
      </if>
      <if test="projectName != null">
        PROJECT_NAME,
      </if>
      <if test="totaldri != null">
        TOTALDRI,
      </if>
      
      <if test="dueday != null">
        DUEDAY,
      </if>
      <if test="remark != null">
        REMARK,
      </if>
      <if test="endover != null">
        ENDOVER,
      </if>
      <if test="status != null">
        STATUS,
      </if>
      <if test="createtime != null">
        CREATETIME,
      </if>
      <if test="driId != null">
        DRI_ID,
      </if>
      <if test="remark2 != null">
        REMARK2,
      </if>
      <if test="changeddremark != null">
        CHANGEDDREMARK,
      </if>
      <if test="score != null">
        SCORE,
      </if>
      <if test="column1 != null">
        COLUMN1,
      </if>
    </trim>
    <trim prefix="values (" suffix=")" suffixOverrides=",">
      <if test="totallistId != null">
        #{totallistId,jdbcType=VARCHAR},
      </if>
      <if test="orderNumber != null">
        #{orderNumber,jdbcType=VARCHAR},
      </if>
      <if test="localtion != null">
        #{localtion,jdbcType=VARCHAR},
      </if>
      <if test="projectName != null">
        #{projectName,jdbcType=VARCHAR},
      </if>
      <if test="totaldri != null">
        #{totaldri,jdbcType=VARCHAR},
      </if>
      
      <if test="dueday != null">
        #{dueday,jdbcType=VARCHAR},
      </if>
      <if test="remark != null">
        #{remark,jdbcType=VARCHAR},
      </if>
      <if test="endover != null">
        #{endover,jdbcType=VARCHAR},
      </if>
      <if test="status != null">
        #{status,jdbcType=VARCHAR},
      </if>
      <if test="createtime != null">
        #{createtime,jdbcType=TIMESTAMP},
      </if>
      <if test="driId != null">
        #{driId,jdbcType=VARCHAR},
      </if>
      <if test="remark2 != null">
        #{remark2,jdbcType=VARCHAR},
      </if>
      <if test="changeddremark != null">
        #{CHANGEDDREMARK,jdbcType=VARCHAR},
      </if>
      <if test="score != null">
        #{score,jdbcType=VARCHAR},
      </if>
      <if test="column1 != null">
        #{column1,jdbcType=VARCHAR},
      </if>
    </trim>
  </insert>
  
  <update id="updateTotallistByBatch" parameterType="java.util.List">
         update T_TOTALLIST
            <trim prefix="set" suffixOverrides=",">
                 <trim prefix="status =case" suffix="end,">
                     <foreach collection="totalListupdate" item="i" index="index">
                             <if test="i.totallistId!=null">
                                  when TOTALLIST_ID=#{i.totallistId} then #{i.status}
                             </if>
                     </foreach>
                  </trim>
                 <trim prefix="endover =case" suffix="end,">
                     <foreach collection="totalListupdate" item="i" index="index">
                             <if test="i.totallistId!=null">
                                  when TOTALLIST_ID=#{i.totallistId} then #{i.endover}
                             </if>
                     </foreach>
                  </trim>
             </trim>
            where TOTALLIST_ID in 
            <foreach collection="totalListupdate"  item="i" index="index" open="(" separator="," close=")">
              #{i.totallistId}
          </foreach>
    </update>
  
  
  <update id="updateByPrimaryKeySelective" parameterType="com.foxconn.entity.TotallistEntity">
    update T_TOTALLIST
    <set>
      <if test="orderNumber != null">
        ORDER_NUMBER = #{orderNumber,jdbcType=VARCHAR},
      </if>
      <if test="localtion != null">
        LOCALTION = #{localtion,jdbcType=VARCHAR},
      </if>
      <if test="projectName != null">
        PROJECT_NAME = #{projectName,jdbcType=VARCHAR},
      </if>
      <if test="totaldri != null">
        TOTALDRI = #{totaldri,jdbcType=VARCHAR},
      </if>
      
      <if test="dueday != null">
        DUEDAY = #{dueday,jdbcType=VARCHAR},
      </if>
      <if test="remark != null">
        REMARK = #{remark,jdbcType=VARCHAR},
      </if>
      <if test="endover != null">
        ENDOVER = #{endover,jdbcType=VARCHAR},
      </if>
      <if test="status != null">
        STATUS = #{status,jdbcType=VARCHAR},
      </if>
      <if test="createtime != null">
        CREATETIME = #{createtime,jdbcType=TIMESTAMP},
      </if>
      <if test="driId != null">
        DRI_ID = #{driId,jdbcType=VARCHAR},
      </if>
      <if test="remark2 != null">
        REMARK2 = #{remark2,jdbcType=VARCHAR},
      </if>
      <if test="changeddremark != null">
        CHANGEDDREMARK = #{changeddremark,jdbcType=VARCHAR},
      </if>
      <if test="score != null">
        SCORE = #{score,jdbcType=VARCHAR},
      </if>
      <if test="column1 != null">
        COLUMN1 = #{column1,jdbcType=VARCHAR},
      </if>
    </set>
    where TOTALLIST_ID = #{totallistId,jdbcType=VARCHAR}
  </update>
  <update id="updateByPrimaryKey" parameterType="com.foxconn.entity.TotallistEntity">
    update T_TOTALLIST
    set ORDER_NUMBER = #{orderNumber,jdbcType=VARCHAR},
      LOCALTION = #{localtion,jdbcType=VARCHAR},
      PROJECT_NAME = #{projectName,jdbcType=VARCHAR},
      TOTALDRI = #{totaldri,jdbcType=VARCHAR},
      
      DUEDAY = #{dueday,jdbcType=VARCHAR},
      REMARK = #{remark,jdbcType=VARCHAR},
      ENDOVER = #{endover,jdbcType=VARCHAR},
      STATUS = #{status,jdbcType=VARCHAR},
      CREATETIME = #{createtime,jdbcType=TIMESTAMP},
      DRI_ID = #{driId,jdbcType=VARCHAR},
      REMARK2 = #{remark2,jdbcType=VARCHAR},
      CHANGEDDREMARK = #{changeddremark,jdbcType=VARCHAR},
      SCORE = #{score,jdbcType=VARCHAR},
      COLUMN1 = #{column1,jdbcType=VARCHAR}
    where TOTALLIST_ID = #{totallistId,jdbcType=VARCHAR}
  </update>
</mapper>