<?xml version="1.0" encoding="UTF-8"?>
<!DOCTYPE mapper PUBLIC "-//mybatis.org//DTD Mapper 3.0//EN" "http://mybatis.org/dtd/mybatis-3-mapper.dtd">
<mapper namespace="com.foxconn.mapper.UserEntityMapper">
  <resultMap id="BaseResultMap" type="com.foxconn.entity.UserEntity">
    <id column="USER_ID" jdbcType="VARCHAR" property="userId" />
    <result column="USER_NUMBER" jdbcType="VARCHAR" property="userNumber" />
    <result column="NICKNAME" jdbcType="VARCHAR" property="nickname" />
    <result column="PWD" jdbcType="VARCHAR" property="pwd" />
    <result column="PHONE" jdbcType="VARCHAR" property="phone" />
    <result column="EMAIL" jdbcType="VARCHAR" property="email" />
    <result column="USER_STATUS" jdbcType="DECIMAL" property="userStatus" />
    <result column="depart_id" jdbcType="VARCHAR" property="departId" /> 
    <result column="LAST_LOGINTIME" jdbcType="VARCHAR" property="lastLogintime" />
    <result column="PROXY" jdbcType="VARCHAR" property="proxy" />
    <result column="STARTTIME" jdbcType="VARCHAR" property="starttime" />
    <result column="ENDTIME" jdbcType="VARCHAR" property="endtime" />
    <result column="ROSTER" jdbcType="VARCHAR" property="roster" />
    <result column="ABSENT" jdbcType="VARCHAR" property="absent" />
    <association property="depart" javaType="com.foxconn.entity.Depart">
          <id column="depart_id" property="departId"/>
          <result column="depart_name" property="departName"/>
          <result column="depart_code" property="departCode"/>
          <result column="remarker" property="remarker"/>
      </association>
    <collection property="roleList" ofType="com.foxconn.entity.RoleEntity">
        <id property="roleId" column="role_id" />
        <result property="roleName" column="role_name"/>
        <collection property="permissionList" ofType="com.foxconn.entity.PermissionEntity">      
          <id column="per_id" jdbcType="VARCHAR" property="perId" />
          <result column="per_name" jdbcType="VARCHAR" property="perName" />
          <result column="per_url" jdbcType="VARCHAR" property="perUrl" />
          <result column="per_description" jdbcType="VARCHAR" property="perDescription" />
        </collection>
    </collection>
	  
  </resultMap>
  <sql id="Base_Column_List">
    USER_ID, USER_NUMBER, NICKNAME, PWD, PHONE, EMAIL, USER_STATUS, depart_id, 
    LAST_LOGINTIME, PROXY,STARTTIME,ENDTIME,ROSTER,ABSENT
  </sql>
  <select id="selectByPrimaryKey" parameterType="java.lang.String" resultMap="BaseResultMap">
     select u.pwd,u.depart_id,u.absent,u.roster,u.proxy,u.starttime,u.endtime, u.nickname,u.user_number,u.user_id,u.phone,u.last_logintime,u.email,u.user_status,r.role_name,p.per_name,u.user_id,p.per_id,r.role_id,dp.depart_name from t_user u 
        LEFT JOIN t_user_role ur on u.user_id=ur.user_id 
        LEFT JOIN t_role r on ur.role_id=r.role_id 
        LEFT JOIN t_role_permission rp on rp.role_id=r.role_id 
        LEFT JOIN t_permission p on p.per_id=rp.per_id 
        left join t_depart dp on dp.depart_id=u.depart_id 
    where u.USER_ID = #{userId,jdbcType=VARCHAR}
  </select>
  
  <select id="getUserByNickname" parameterType="java.lang.String" resultMap="BaseResultMap">
       select 
    <include refid="Base_Column_List" />
    from T_USER
    where NICKNAME = #{nickname,jdbcType=VARCHAR}
  </select>
  
  <select id="listUserByDepart" parameterType="java.lang.String" resultMap="BaseResultMap">
        select 
    <include refid="Base_Column_List" />
    from T_USER
    where depart_id in (
         <foreach item='item' index='index' collection='ids' separator = ','>
        #{item}
         </foreach>
    )
  </select>
  <select id="getUserByNumber" parameterType="java.lang.String" resultMap="BaseResultMap">
     select u.pwd,u.depart_id,u.absent,u.roster,u.proxy,u.starttime,u.endtime, u.nickname,u.user_number,u.user_id,u.phone,u.last_logintime,u.email,u.user_status,r.role_name,p.per_name,u.user_id,p.per_id,r.role_id,dp.depart_name from t_user u 
        LEFT JOIN t_user_role ur on u.user_id=ur.user_id 
        LEFT JOIN t_role r on ur.role_id=r.role_id 
        LEFT JOIN t_role_permission rp on rp.role_id=r.role_id 
        LEFT JOIN t_permission p on p.per_id=rp.per_id 
        left join t_depart dp on dp.depart_id=u.depart_id 
    where U.USER_NUMBER = #{userNumber,jdbcType=VARCHAR}
  </select>
  
  <select id="listAllUser" resultMap="BaseResultMap">
      select u.pwd,u.depart_id,u.absent,u.roster,u.proxy,u.starttime,u.endtime, u.nickname,u.user_number,u.user_id,u.phone,u.last_logintime,u.email,u.user_status,r.role_name,p.per_name,u.user_id,p.per_id,r.role_id,dp.depart_name from t_user u 
        LEFT JOIN t_user_role ur on u.user_id=ur.user_id 
        LEFT JOIN t_role r on ur.role_id=r.role_id 
        LEFT JOIN t_role_permission rp on rp.role_id=r.role_id 
        LEFT JOIN t_permission p on p.per_id=rp.per_id 
        left join t_depart dp on dp.depart_id=u.depart_id where 1=1 
        <if test="type != null">
        and u.user_number like '%'||#{type,jdbcType=VARCHAR}||'%' or u.nickname like '%'||#{type,jdbcType=VARCHAR}||'%' 
        or r.role_name like '%'||#{type,jdbcType=VARCHAR}||'%' or dp.depart_name like '%'||#{type,jdbcType=VARCHAR}||'%' 
      </if>  
      order by u.createtime     
  </select>
  
  
  <delete id="deleteByPrimaryKey" parameterType="java.util.List">
    delete from T_USER
    where USER_ID in (
        <foreach item='item' index='index' collection='userId' separator = ','>
        #{item}
    </foreach>
    )
  </delete>
  <insert id="insert" parameterType="com.foxconn.entity.UserEntity">
  <selectKey keyProperty='user.userId' resultType='String' order='AFTER'>
        select USER_ID from t_user where USER_NUMBER = #{user.userNumber}
    </selectKey>
  
    insert into T_USER (USER_NUMBER, NICKNAME, 
      PWD, PHONE, EMAIL, 
      USER_STATUS, depart_id, 
      LAST_LOGINTIME)
    values (#{user.userNumber,jdbcType=VARCHAR}, #{user.nickname,jdbcType=VARCHAR}, 
      #{user.pwd,jdbcType=VARCHAR}, #{user.phone,jdbcType=VARCHAR}, #{user.email,jdbcType=VARCHAR}, 
      #{user.userStatus,jdbcType=DECIMAL}, #{user.departId,jdbcType=VARCHAR}, 
      #{user.lastLogintime,jdbcType=VARCHAR})
  </insert>
  <insert id="insertSelective" parameterType="com.foxconn.entity.UserEntity">
    insert into T_USER
    <trim prefix="(" suffix=")" suffixOverrides=",">
      <if test="userId != null">
        USER_ID,
      </if>
      <if test="userNumber != null">
        USER_NUMBER,
      </if>
      <if test="nickname != null">
        NICKNAME,
      </if>
      <if test="pwd != null">
        PWD,
      </if>
      <if test="phone != null">
        PHONE,
      </if>
      <if test="email != null">
        EMAIL,
      </if>
      <if test="userStatus != null">
        USER_STATUS,
      </if>
      <if test="departId != null">
        depart_id,
      </if>
      <if test="lastLogintime != null">
        LAST_LOGINTIME,
      </if>
    </trim>
    <trim prefix="values (" suffix=")" suffixOverrides=",">
     
      <if test="userNumber != null">
        #{userNumber,jdbcType=VARCHAR},
      </if>
      <if test="nickname != null">
        #{nickname,jdbcType=VARCHAR},
      </if>
      <if test="pwd != null">
        #{pwd,jdbcType=VARCHAR},
      </if>
      <if test="phone != null">
        #{phone,jdbcType=VARCHAR},
      </if>
      <if test="email != null">
        #{email,jdbcType=VARCHAR},
      </if>
      <if test="userStatus != null">
        #{userStatus,jdbcType=DECIMAL},
      </if>
      <if test="departId != null">
        #{departId,jdbcType=VARCHAR},
      </if>
      <if test="lastLogintime != null">
        #{lastLogintime,jdbcType=VARCHAR},
      </if>
    </trim>
  </insert>
  <update id="updateByPrimaryKeySelective" parameterType="com.foxconn.entity.UserEntity">
    update T_USER
    <set>
      <if test="userNumber != null">
        USER_NUMBER = #{userNumber,jdbcType=VARCHAR},
      </if>
      <if test="nickname != null">
        NICKNAME = #{nickname,jdbcType=VARCHAR},
      </if>
      <if test="pwd != null">
        PWD = #{pwd,jdbcType=VARCHAR},
      </if>
      <if test="phone != null">
        PHONE = #{phone,jdbcType=VARCHAR},
      </if>
      <if test="email != null">
        EMAIL = #{email,jdbcType=VARCHAR},
      </if>
      <if test="userStatus != null">
        USER_STATUS = #{userStatus,jdbcType=DECIMAL},
      </if>
      <if test="departId != null">
        depart_id = #{departId,jdbcType=VARCHAR},
      </if>
      <if test="lastLogintime != null">
        LAST_LOGINTIME = #{lastLogintime,jdbcType=VARCHAR},
      </if>
      <if test="proxy != null">
        PROXY = #{proxy,jdbcType=VARCHAR},
      </if>
      <if test="starttime != null">
        STARTTIME = #{starttime,jdbcType=VARCHAR},
      </if>
      <if test="endtime != null">
        ENDTIME = #{endtime,jdbcType=VARCHAR},
      </if>
      <if test="roster != null">
        ROSTER = #{roster,jdbcType=VARCHAR},
      </if>
      <if test="absent != null">
        ABSENT = #{absent,jdbcType=VARCHAR},
      </if>
    </set>
    where USER_ID = #{userId,jdbcType=VARCHAR}
  </update>
  <update id="updateByPrimaryKey" parameterType="com.foxconn.entity.UserEntity">
    update T_USER
    set USER_NUMBER = #{userNumber,jdbcType=VARCHAR},
      NICKNAME = #{nickname,jdbcType=VARCHAR},
      PWD = #{pwd,jdbcType=VARCHAR},
      PHONE = #{phone,jdbcType=VARCHAR},
      EMAIL = #{email,jdbcType=VARCHAR},
      USER_STATUS = #{userStatus,jdbcType=DECIMAL},
      depart_id = #{departId,jdbcType=VARCHAR},      
      LAST_LOGINTIME = #{lastLogintime,jdbcType=VARCHAR},
      PROXY = #{proxy,jdbcType=VARCHAR},
      STARTTIME = #{starttime,jdbcType=VARCHAR},
      ENDTIME = #{endtime,jdbcType=VARCHAR},
      ROSTER = #{roster,jdbcType=VARCHAR},
      ABSENT = #{absent,jdbcType=VARCHAR}
    where USER_ID = #{userId,jdbcType=VARCHAR}
  </update>
  <update id="updateUserObj" parameterType="java.util.Map">
    update T_USER 
    <set>
       <foreach item='item' index='key' collection='argsMap' separator=','>
       ${key} = #{item}
       </foreach>
    </set>
    <if test="null != whereMap">
	    where  <!-- where name = "mingzi" and age = 23 -->
	    <foreach item='item' index='index' collection='whereMap' separator = ' or '>
	        ${index} in 
	          (
	           <foreach item = 'item1' index = 'index1' collection = "item" separator = ','>
	               #{item1}
	           </foreach>
	          )
	        
	    </foreach>
    </if>
  </update>
</mapper>