<?xml version="1.0" encoding="UTF-8"?>
<!DOCTYPE mapper PUBLIC "-//mybatis.org//DTD Mapper 3.0//EN" "http://mybatis.org/dtd/mybatis-3-mapper.dtd">
<mapper namespace="com.foxconn.mapper.BaseMappers">
    <!-- List<Map<String,Object>> getCoverData(@Param("obj")ParamTransfer param); -->
    <!-- int insertData(List<?> list); -->
    <!-- 查询数据库表里的字段（过滤了设置了默认值的字段） -->
    <select id = "getDBField" resultType="java.lang.String">
        select column_name from user_tab_columns where table_name = #{tableName} and data_default is null
    </select>
    
    <select id="findOneById" resultType="java.util.LinkedHashMap">
        select * from ${tableName} where "NTH" = #{id}
    </select>
    <!-- 简单查询 -->
   <select id="findByItemEase" resultType="java.util.LinkedHashMap">
        select * from ${tableName} where 1=1
        <if test="queryMap != null">
            <foreach item='val' index='key' collection='queryMap'>
	            and ${key} LIKE '%' || #{val} || '%'
            </foreach>
        </if>
        <if test="param != null and param.orderField != null">
            order by "${param.orderField}" ${param.order}
        </if>
    </select> 
    
    <!-- 复杂查询 -->
    <!-- <select id="findByItem" resultType="java.util.LinkedHashMap">
        select * from ${tableName} where 1=1
        select 
         <choose>
           <when test="obj.columns != null">
             <if test="obj.distinct != null">
                DISTINCT
             </if>
             <foreach item='item' index='index' collection='obj.columns' separator=','>
                "${item}"
             </foreach>
           </when>          
           <otherwise>
                *
           </otherwise> 
         </choose>
        from ${tableName}
        <where>
          <choose>
            <when test="obj.connect.indexOf('AND') != -1">
                1=1
            </when>
            <otherwise>
                1=2
            </otherwise>
          </choose>
          <foreach item='item' index='index' collection='obj.queryMap'>
            ${obj.connect} (
             <choose>
               <when test="obj.vagueQuery == false">
                    "${index}" LIKE '%' || #{itmd} || '%' 
               </when>
               <otherwise>
                     "${index}" = #{itmd} 
               </otherwise>
             </choose>
            )
          </foreach>
        
        </where>
    </select> -->
    
    <insert id='insertList'>
        insert into ${tableName}
        <foreach item='item' index='index' collection='columns' open='(' close=')' separator=','>
            "${item}"
        </foreach>
        <foreach item='item' index='index' collection='listData' separator=' union all '>
	        select
	        <foreach item='name' index='index' collection='field' separator=','>
	            #{item.${name}}
	        </foreach>
	        from dual
        </foreach>
    </insert>
    
    <delete id='delData'>
        delete from ${tableName} where nth in
        <foreach item='item' index='index' collection='ids' open='(' close=')' separator=','>
            #{item}
        </foreach>
    </delete>
    
    <update id="updateItem">
        update ${tableName} 
        <set>
	        <foreach item='item' index='index' collection='map' separator=','>
	           <if test='item != null'>
	               "${index}" = #{item}
	           </if>
	        </foreach>
        </set>
        where "NTH" = #{uid}
    </update>
    
    <select id = "getContractors" resultType="java.lang.String">
        select DISTINCT dr_name from  t_diningroom
    </select>
</mapper>