<?xml version="1.0" encoding="UTF-8"?>
<!DOCTYPE mapper PUBLIC "-//mybatis.org//DTD Mapper 3.0//EN" "http://mybatis.org/dtd/mybatis-3-mapper.dtd">
<mapper namespace="com.foxconn.mapper.ImgFileMapper">
  <resultMap id="BaseResultMap" type="com.foxconn.entity.ImgFile">
    <id column="IMG_ID" jdbcType="VARCHAR" property="imgId" />
    <result column="IMG_FOREIGN" jdbcType="VARCHAR" property="imgForeign" />
    <result column="IMG_NAME" jdbcType="VARCHAR" property="imgName" />
    <result column="IMG_DESCR" jdbcType="VARCHAR" property="imgDescr" />
  </resultMap>
  <resultMap extends="BaseResultMap" id="ResultMapWithBLOBs" type="com.foxconn.entity.ImgFile">
    <result column="IMG_ENTITY" jdbcType="BLOB" property="imgEntity" />
  </resultMap>
  <sql id="Base_Column_List">
    IMG_ID, IMG_FOREIGN, IMG_NAME, IMG_DESCR
  </sql>
  <sql id="Blob_Column_List">
    IMG_ENTITY
  </sql>
  <select id="selectByPrimaryKey" parameterType="java.lang.String" resultMap="ResultMapWithBLOBs">
    select 
    <include refid="Base_Column_List" />
    ,
    <include refid="Blob_Column_List" />
    from T_IMGFILE
    where IMG_ID = #{imgId,jdbcType=VARCHAR}
  </select>
  <!-- 根據外鍵查詢 -->
  <select id="getImgId" parameterType="java.lang.String" resultMap="ResultMapWithBLOBs">
    select 
    <include refid="Base_Column_List" />
   
    from T_IMGFILE
    where IMG_FOREIGN = #{foreign,jdbcType=VARCHAR}
  </select>
  
  <!-- 根據外鍵刪除 -->
  <delete id="delImgByForeign" parameterType="java.lang.String">
    delete from T_IMGFILE
    where IMG_FOREIGN in (
        <foreach item='item' index='index' collection='foreignList' separator=','>
        #{item,jdbcType=VARCHAR}
        </foreach>
    ) 
  </delete>
  <delete id="deleteByPrimaryKey" parameterType="java.lang.String">
    delete from T_IMGFILE
    where IMG_ID = #{imgId,jdbcType=VARCHAR}
  </delete>
  <delete id="delImgs" parameterType="java.lang.String">
    delete from T_IMGFILE
    where IMG_ID in (
    <foreach item='item' index='index' collection='imgDelId' separator=','>
     #{item}
    </foreach>
    )
  </delete>
  <insert id="insert" parameterType="com.foxconn.entity.ImgFile">
    insert into T_IMGFILE (IMG_ID, IMG_FOREIGN, IMG_NAME, 
      IMG_DESCR, IMG_ENTITY)
    values (#{imgId,jdbcType=VARCHAR}, #{imgForeign,jdbcType=VARCHAR}, #{imgName,jdbcType=VARCHAR}, 
      #{imgDescr,jdbcType=VARCHAR}, #{imgEntity,jdbcType=BLOB})
  </insert>
  <insert id="insertSelective" parameterType="com.foxconn.entity.ImgFile">
    insert into T_IMGFILE
    <trim prefix="(" suffix=")" suffixOverrides=",">
      <if test="imgId != null">
        IMG_ID,
      </if>
      <if test="imgForeign != null">
        IMG_FOREIGN,
      </if>
      <if test="imgName != null">
        IMG_NAME,
      </if>
      <if test="imgDescr != null">
        IMG_DESCR,
      </if>
      <if test="imgEntity != null">
        IMG_ENTITY,
      </if>
    </trim>
    <trim prefix="values (" suffix=")" suffixOverrides=",">
      <if test="imgId != null">
        #{imgId,jdbcType=VARCHAR},
      </if>
      <if test="imgForeign != null">
        #{imgForeign,jdbcType=VARCHAR},
      </if>
      <if test="imgName != null">
        #{imgName,jdbcType=VARCHAR},
      </if>
      <if test="imgDescr != null">
        #{imgDescr,jdbcType=VARCHAR},
      </if>
      <if test="imgEntity != null">
        #{imgEntity,jdbcType=BLOB},
      </if>
    </trim>
  </insert>
  <update id="updateByPrimaryKeySelective" parameterType="com.foxconn.entity.ImgFile">
    update T_IMGFILE
    <set>
      <if test="imgForeign != null">
        IMG_FOREIGN = #{imgForeign,jdbcType=VARCHAR},
      </if>
      <if test="imgName != null">
        IMG_NAME = #{imgName,jdbcType=VARCHAR},
      </if>
      <if test="imgDescr != null">
        IMG_DESCR = #{imgDescr,jdbcType=VARCHAR},
      </if>
      <if test="imgEntity != null">
        IMG_ENTITY = #{imgEntity,jdbcType=BLOB},
      </if>
    </set>
    where IMG_ID = #{imgId,jdbcType=VARCHAR}
  </update>
  <update id="updateByPrimaryKeyWithBLOBs" parameterType="com.foxconn.entity.ImgFile">
    update T_IMGFILE
    set IMG_FOREIGN = #{imgForeign,jdbcType=VARCHAR},
      IMG_NAME = #{imgName,jdbcType=VARCHAR},
      IMG_DESCR = #{imgDescr,jdbcType=VARCHAR},
      IMG_ENTITY = #{imgEntity,jdbcType=BLOB}
    where IMG_ID = #{imgId,jdbcType=VARCHAR}
  </update>
  <update id="updateByPrimaryKey" parameterType="com.foxconn.entity.ImgFile">
    update T_IMGFILE
    set IMG_FOREIGN = #{imgForeign,jdbcType=VARCHAR},
      IMG_NAME = #{imgName,jdbcType=VARCHAR},
      IMG_DESCR = #{imgDescr,jdbcType=VARCHAR}
    where IMG_ID = #{imgId,jdbcType=VARCHAR}
  </update>
</mapper>