<?xml version="1.0" encoding="UTF-8"?>
<beans xmlns="http://www.springframework.org/schema/beans"
    xmlns:xsi="http://www.w3.org/2001/XMLSchema-instance"
    xmlns:context="http://www.springframework.org/schema/context"
    xmlns:jdbc="http://www.springframework.org/schema/jdbc"
    xmlns:jee="http://www.springframework.org/schema/jee"
    xmlns:tx="http://www.springframework.org/schema/tx"
    xmlns:aop="http://www.springframework.org/schema/aop"
    xmlns:mvc="http://www.springframework.org/schema/mvc"
    xmlns:util="http://www.springframework.org/schema/util"
    xmlns:jpa="http://www.springframework.org/schema/data/jpa"
    xsi:schemaLocation="
        http://www.springframework.org/schema/beans http://www.springframework.org/schema/beans/spring-beans-3.2.xsd
        http://www.springframework.org/schema/context http://www.springframework.org/schema/context/spring-context-3.2.xsd
        http://www.springframework.org/schema/jdbc http://www.springframework.org/schema/jdbc/spring-jdbc-3.2.xsd
        http://www.springframework.org/schema/jee http://www.springframework.org/schema/jee/spring-jee-3.2.xsd
        http://www.springframework.org/schema/tx http://www.springframework.org/schema/tx/spring-tx-3.2.xsd
        http://www.springframework.org/schema/data/jpa http://www.springframework.org/schema/data/jpa/spring-jpa-1.3.xsd
        http://www.springframework.org/schema/aop http://www.springframework.org/schema/aop/spring-aop-3.2.xsd
        http://www.springframework.org/schema/mvc http://www.springframework.org/schema/mvc/spring-mvc-3.2.xsd
        http://www.springframework.org/schema/util http://www.springframework.org/schema/util/spring-util-3.2.xsd">
        <!-- 加載連接數據庫的信息配置 -->
        <util:properties id="dbConfig" location="classpath:db.properties"/>
        <!-- 配置連接池 -->
        <bean id="oracleDataSource" class="org.apache.commons.dbcp2.BasicDataSource">
        	<property name="url" value="#{dbConfig.url}"></property>
        	<property name="driverClassName" value="#{dbConfig.driver}"></property>
        	<property name="username" value="#{dbConfig.user}"></property>
        	<property name="password" value="#{dbConfig.password}"></property>
        	<property name="initialSize" value="#{dbConfig.initialSize}"></property>
        	<property name="maxTotal" value="#{dbConfig.maxTotal}"></property>
        	<property name="minIdle" value="#{dbConfig.minIdle}"></property>
        	<property name="maxIdle" value="#{dbConfig.maxIdle}"></property>
        </bean>
        <!-- 配置mybatis -->
        <bean id="sqlSessionFactory" class="org.mybatis.spring.SqlSessionFactoryBean">
        	<property name="dataSource" ref="oracleDataSource"></property>
        	<!-- classpath後面的* 必不可少 否則後面的*不起作用  **表示多級目錄-->
        	<property name="mapperLocations" value="classpath*:mappers/**/*.xml"></property>
        	<property name="configLocation" value="classpath:mybatis.xml"></property>
        	<property name="plugins">
	            <array>
	                <bean class="com.github.pagehelper.PageHelper">
 	                    <property name="properties" >
	                        <value>
	                            helperDialect=oracle
	                            <!-- 分页合理化参数，设置为true时，pageNum<=0时会查询第一页,pageNum>pages(超过总数时),会查询最后一页。-->
	                            reasonable=true
	                        </value>
	                    </property>
	                </bean>
	            </array>
             </property>
        </bean>
        <!-- 配置mybatis掃描器 -->
        <bean class="tk.mybatis.spring.mapper.MapperScannerConfigurer">
        	<property name="sqlSessionFactoryBeanName" value="sqlSessionFactory"></property>
        	<property name="basePackage" value="com.foxconn.mapper"></property>
        </bean>
        <!-- 配置事物管理器 -->
        <bean name="transactionManager" class="org.springframework.jdbc.datasource.DataSourceTransactionManager">
        	<property name="dataSource" ref="oracleDataSource"></property>
        </bean>
        <!-- 開啟註解式事物 -->
        <tx:annotation-driven transaction-manager="transactionManager"/>        
</beans>